{
  "algorithm": "baseline",
  "scale": "SMALL",
  "seed": 42,
  "node_num": 42,
  "need_points": 42,
  "subtask_num": 7,
  "task_num": 19,
  "robot_num": 2,
  "station_num": 2,
  "order_num": 2,
  "sku_num": 60,
  "tote_num": 200,
  "sp1_subtask_num": 7.0,
  "sp1_avg_unique_sku_per_subtask": 5.0,
  "sp1_avg_sku_units_per_subtask": 15.428571428571429,
  "sp2_max_station_load": 4.0,
  "sp2_station_load_variance": 0.25,
  "sp3_task_num": 19.0,
  "sp3_sorting_cost_total": 20.0,
  "sp3_noise_tote_total": 10.0,
  "sp4_max_arrival_stack": 324.0,
  "sp4_max_arrival_station": 359.0,
  "sp4_assigned_robot_num": 2.0,
  "station_utilization_mean": 0.4114832535885168,
  "station_idle_total": 422.0,
  "robot_busy_time_total": 53.0,
  "robot_utilization_mean": 0.06339712918660287,
  "noise_ratio": 0.2857142857142857,
  "task_per_subtask": 2.7142857142857144,
  "unmet_sku_total": 0,
  "unmet_subtask_count": 0,
  "global_makespan": 418.0,
  "runtime_total_sec": 2.158184500003699,
  "runtime_sp1_sec": 0.0009486000053584576,
  "runtime_sp2_sec": 0.0001373999984934926,
  "runtime_sp3_sec": 0.0031561999931000173,
  "runtime_sp4_sec": 1.014556200010702,
  "runtime_sim_sec": 8.080000407062471e-05
}