{
  "algorithm": "baseline",
  "scale": "SMALL",
  "seed": 42,
  "node_num": 41,
  "need_points": 41,
  "subtask_num": 0,
  "task_num": 0,
  "robot_num": 2,
  "station_num": 2,
  "order_num": 2,
  "sku_num": 60,
  "tote_num": 200,
  "sp1_subtask_num": 7.0,
  "sp1_avg_unique_sku_per_subtask": 5.0,
  "sp1_avg_sku_units_per_subtask": 15.428571428571429,
  "sp2_max_station_load": 4.0,
  "sp2_station_load_variance": 0.25,
  "sp3_task_num": 18.0,
  "sp3_sorting_cost_total": 24.0,
  "sp3_noise_tote_total": 12.0,
  "sp4_max_arrival_stack": 336.0,
  "sp4_max_arrival_station": 390.0,
  "sp4_assigned_robot_num": 2.0,
  "station_utilization_mean": 0.3678646934460888,
  "station_idle_total": 449.0,
  "robot_busy_time_total": 49.0,
  "robot_utilization_mean": 0.051797040169133196,
  "noise_ratio": 0.3157894736842105,
  "task_per_subtask": 2.5714285714285716,
  "global_makespan": 473.0,
  "runtime_total_sec": 2.1442722999927355,
  "runtime_sp1_sec": 0.0006406000029528514,
  "runtime_sp2_sec": 7.359999290201813e-05,
  "runtime_sp3_sec": 0.002816799998981878,
  "runtime_sp4_sec": 1.0123405000049388,
  "runtime_sim_sec": 7.03999976394698e-05
}