iter,layer,candidate_rank,candidate_stage,destroy_operator,repair_operator,fallback_used,projection_mode,projection_repaired_subtask_count,F_raw,F_cal,duplicate_tote_count,duplicate_tote_penalty,candidate_signature,selected_for_sa
1,Z,3,rough,z_destroy_multistack_window,z_repair_sort_range_shrink_first,False,,0,3143.809700328407,3143.809700328407,0,0.0,"('Z', 'z_destroy_multistack_window', ((2, (4, 5)),), 'z_repair_sort_range_shrink_first', (2493, 3206), ('SORT',))",False
1,Z,2,rough,z_destroy_mode_window,z_repair_sort_range_shrink_first,False,,0,3143.809700328407,3143.809700328407,0,0.0,"('Z', 'z_destroy_mode_window', ((3, (13, 14)),), 'z_repair_sort_range_shrink_first', (2052, 2493), ('SORT',))",False
1,Z,1,rough,z_destroy_mode_window,z_repair_same_stack_window,False,,0,3143.809700328407,3143.809700328407,0,0.0,"('Z', 'z_destroy_mode_window', ((3, (13, 14)),), 'z_repair_same_stack_window', (2052, 2493), ('SORT',))",False
2,Z,1,rough,z_destroy_detour_window,z_repair_bounded_detour_window,False,,0,3088.819700328407,3088.819700328407,0,0.0,"('Z', 'z_destroy_detour_window', ((0, (16,)), (1, (0, 1))), 'z_repair_bounded_detour_window', (2047, 1956, 2899, 2914), ('FLIP', 'FLIP'))",False
2,Z,3,rough,z_destroy_multistack_window,z_repair_bounded_detour_window,False,,0,3143.809700328407,3143.809700328407,0,0.0,"('Z', 'z_destroy_multistack_window', ((3, (13, 14)),), 'z_repair_bounded_detour_window', (2052, 2493), ('SORT',))",False
2,Z,2,rough,z_destroy_multistack_window,z_repair_same_stack_window,False,,0,3119.369700328408,3119.369700328408,0,0.0,"('Z', 'z_destroy_multistack_window', ((1, (0, 1)),), 'z_repair_same_stack_window', (2899, 2914), ('FLIP',))",False
3,Z,1,rough,z_destroy_detour_window,z_repair_same_stack_window,False,,0,3088.819700328407,3088.819700328407,0,0.0,"('Z', 'z_destroy_detour_window', ((0, (16,)), (1, (0, 1))), 'z_repair_same_stack_window', (2047, 1956, 2899, 2914), ('FLIP', 'FLIP'))",False
3,Z,2,rough,z_destroy_mode_window,z_repair_bounded_detour_window,False,,0,3143.809700328407,3143.809700328407,0,0.0,"('Z', 'z_destroy_mode_window', ((3, (13, 14)),), 'z_repair_bounded_detour_window', (2052, 2493), ('SORT',))",False
3,Z,3,rough,z_destroy_noise_window,z_repair_mode_toggle_contextual,False,,0,3215.0930336617407,3215.0930336617407,0,0.0,"('Z', 'z_destroy_noise_window', ((6, (2, 3)),), 'z_repair_mode_toggle_contextual', (1956, 2865), ('SORT',))",False
4,Z,1,rough,z_destroy_detour_window,z_repair_mode_toggle_contextual,False,,0,3088.819700328407,3088.819700328407,0,0.0,"('Z', 'z_destroy_detour_window', ((0, (16,)), (1, (0, 1))), 'z_repair_mode_toggle_contextual', (2047, 1956, 2899, 2914), ('FLIP', 'FLIP'))",False
4,Z,2,rough,z_destroy_noise_window,z_repair_same_stack_window,False,,0,3234.904245782953,3234.904245782953,0,0.0,"('Z', 'z_destroy_noise_window', ((5, (7, 8)), (8, (15,))), 'z_repair_same_stack_window', (2865, 1956, 774, 1736), ('SORT', 'SORT'))",False
4,Z,3,rough,z_destroy_noise_window,z_repair_mode_toggle_contextual,False,,0,3311.8347003284075,3311.8347003284075,0,0.0,"('Z', 'z_destroy_noise_window', ((0, (16,)), (8, (15,))), 'z_repair_mode_toggle_contextual', (2865, 1956, 2047), ('SORT', 'FLIP'))",False
5,Z,1,rough,z_destroy_detour_window,z_repair_same_stack_window,False,,0,3119.369700328408,3119.369700328408,0,0.0,"('Z', 'z_destroy_detour_window', ((1, (0, 1)),), 'z_repair_same_stack_window', (2899, 2914), ('FLIP',))",False
5,Z,3,rough,z_destroy_multistack_window,z_repair_sort_range_shrink_first,False,,0,3143.809700328407,3143.809700328407,0,0.0,"('Z', 'z_destroy_multistack_window', ((1, (0, 1)),), 'z_repair_sort_range_shrink_first', (2899, 2914), ('SORT',))",False
5,Z,2,rough,z_destroy_detour_window,z_repair_sort_range_shrink_first,False,,0,3143.809700328407,3143.809700328407,0,0.0,"('Z', 'z_destroy_detour_window', ((1, (0, 1)),), 'z_repair_sort_range_shrink_first', (2899, 2914), ('SORT',))",False
6,Z,1,rough,z_destroy_mode_window,z_repair_mode_toggle_contextual,False,,0,3197.2722003284075,3197.2722003284075,0,0.0,"('Z', 'z_destroy_mode_window', ((5, (7, 8)),), 'z_repair_mode_toggle_contextual', (774, 1736), ('SORT',))",False
6,Z,2,rough,z_destroy_noise_window,z_repair_bounded_detour_window,False,,0,3215.0930336617407,3215.0930336617407,0,0.0,"('Z', 'z_destroy_noise_window', ((6, (2, 3)),), 'z_repair_bounded_detour_window', (1956, 2865), ('SORT',))",False
6,Z,3,rough,z_destroy_noise_window,z_repair_bounded_detour_window,False,,0,3266.9497003284073,3266.9497003284073,0,0.0,"('Z', 'z_destroy_noise_window', ((6, (2, 3)), (8, (15,))), 'z_repair_bounded_detour_window', (2865, 1956), ('SORT', 'SORT'))",False
7,Z,3,rough,z_destroy_noise_window,z_repair_sort_range_shrink_first,False,,0,3197.2722003284075,3197.2722003284075,0,0.0,"('Z', 'z_destroy_noise_window', ((5, (7, 8)),), 'z_repair_sort_range_shrink_first', (774, 1736), ('SORT',))",False
7,Z,2,rough,z_destroy_mode_window,z_repair_mode_toggle_contextual,False,,0,3143.809700328407,3143.809700328407,0,0.0,"('Z', 'z_destroy_mode_window', ((3, (13, 14)),), 'z_repair_mode_toggle_contextual', (2052, 2493), ('SORT',))",False
7,Z,1,rough,z_destroy_detour_window,z_repair_sort_range_shrink_first,False,,0,3137.6997003284073,3137.6997003284073,0,0.0,"('Z', 'z_destroy_detour_window', ((0, (16,)), (2, (4, 5))), 'z_repair_sort_range_shrink_first', (2047, 1956, 2493, 3206), ('SORT', 'SORT'))",False
8,Z,3,rough,z_destroy_noise_window,z_repair_bounded_detour_window,False,,0,3234.904245782953,3234.904245782953,0,0.0,"('Z', 'z_destroy_noise_window', ((5, (7, 8)), (8, (15,))), 'z_repair_bounded_detour_window', (2865, 1956, 774, 1736), ('SORT', 'SORT'))",False
8,Z,1,rough,z_destroy_detour_window,z_repair_mode_toggle_contextual,False,,0,3119.369700328408,3119.369700328408,0,0.0,"('Z', 'z_destroy_detour_window', ((2, (4, 5)),), 'z_repair_mode_toggle_contextual', (2493, 3206), ('FLIP',))",False
8,Z,2,rough,z_destroy_mode_window,z_repair_bounded_detour_window,False,,0,3215.0930336617407,3215.0930336617407,0,0.0,"('Z', 'z_destroy_mode_window', ((6, (2, 3)),), 'z_repair_bounded_detour_window', (1956, 2865), ('SORT',))",False
9,Z,2,rough,z_destroy_mode_window,z_repair_bounded_detour_window,False,,0,3197.2722003284075,3197.2722003284075,0,0.0,"('Z', 'z_destroy_mode_window', ((5, (7, 8)),), 'z_repair_bounded_detour_window', (774, 1736), ('SORT',))",False
9,Z,3,rough,z_destroy_noise_window,z_repair_same_stack_window,False,,0,3215.0930336617407,3215.0930336617407,0,0.0,"('Z', 'z_destroy_noise_window', ((6, (2, 3)),), 'z_repair_same_stack_window', (1956, 2865), ('SORT',))",False
9,Z,1,rough,z_destroy_detour_window,z_repair_bounded_detour_window,False,,0,3088.819700328407,3088.819700328407,0,0.0,"('Z', 'z_destroy_detour_window', ((0, (16,)), (2, (4, 5))), 'z_repair_bounded_detour_window', (2047, 1956, 2493, 3206), ('FLIP', 'FLIP'))",False
10,Z,3,rough,z_destroy_mode_window,z_repair_sort_range_shrink_first,False,,0,3197.2722003284075,3197.2722003284075,0,0.0,"('Z', 'z_destroy_mode_window', ((5, (7, 8)),), 'z_repair_sort_range_shrink_first', (774, 1736), ('SORT',))",False
10,Z,2,rough,z_destroy_multistack_window,z_repair_mode_toggle_contextual,False,,0,3119.369700328408,3119.369700328408,0,0.0,"('Z', 'z_destroy_multistack_window', ((1, (0, 1)),), 'z_repair_mode_toggle_contextual', (2899, 2914), ('FLIP',))",False
10,Z,1,rough,z_destroy_detour_window,z_repair_mode_toggle_contextual,False,,0,3119.369700328408,3119.369700328408,0,0.0,"('Z', 'z_destroy_detour_window', ((1, (0, 1)),), 'z_repair_mode_toggle_contextual', (2899, 2914), ('FLIP',))",False
11,Z,1,rough,z_destroy_multistack_window,z_repair_bounded_detour_window,False,,0,3119.369700328408,3119.369700328408,0,0.0,"('Z', 'z_destroy_multistack_window', ((1, (0, 1)),), 'z_repair_bounded_detour_window', (2899, 2914), ('FLIP',))",False
11,Z,3,rough,z_destroy_mode_window,z_repair_sort_range_shrink_first,False,,0,3215.0930336617407,3215.0930336617407,0,0.0,"('Z', 'z_destroy_mode_window', ((6, (2, 3)),), 'z_repair_sort_range_shrink_first', (1956, 2865), ('SORT',))",False
11,Z,2,rough,z_destroy_noise_window,z_repair_same_stack_window,False,,0,3197.2722003284075,3197.2722003284075,0,0.0,"('Z', 'z_destroy_noise_window', ((5, (7, 8)),), 'z_repair_same_stack_window', (774, 1736), ('SORT',))",False
12,Z,3,rough,z_destroy_noise_window,z_repair_mode_toggle_contextual,False,,0,3197.2722003284075,3197.2722003284075,0,0.0,"('Z', 'z_destroy_noise_window', ((5, (7, 8)),), 'z_repair_mode_toggle_contextual', (774, 1736), ('SORT',))",False
12,Z,2,rough,z_destroy_detour_window,z_repair_sort_range_shrink_first,False,,0,3143.809700328407,3143.809700328407,0,0.0,"('Z', 'z_destroy_detour_window', ((2, (4, 5)),), 'z_repair_sort_range_shrink_first', (2493, 3206), ('SORT',))",False
12,Z,1,rough,z_destroy_multistack_window,z_repair_bounded_detour_window,False,,0,3119.369700328408,3119.369700328408,0,0.0,"('Z', 'z_destroy_multistack_window', ((2, (4, 5)),), 'z_repair_bounded_detour_window', (2493, 3206), ('FLIP',))",False
13,Z,3,rough,z_destroy_mode_window,z_repair_sort_range_shrink_first,False,,0,3143.809700328407,3143.809700328407,0,0.0,"('Z', 'z_destroy_mode_window', ((3, (13, 14)),), 'z_repair_sort_range_shrink_first', (2052, 2493), ('SORT',))",False
13,Z,1,rough,z_destroy_detour_window,z_repair_same_stack_window,False,,0,3088.819700328407,3088.819700328407,0,0.0,"('Z', 'z_destroy_detour_window', ((0, (16,)), (1, (0, 1))), 'z_repair_same_stack_window', (2047, 1956, 2899, 2914), ('FLIP', 'FLIP'))",False
13,Z,2,rough,z_destroy_multistack_window,z_repair_same_stack_window,False,,0,3119.369700328408,3119.369700328408,0,0.0,"('Z', 'z_destroy_multistack_window', ((1, (0, 1)),), 'z_repair_same_stack_window', (2899, 2914), ('FLIP',))",False
14,Z,3,rough,z_destroy_multistack_window,z_repair_bounded_detour_window,False,,0,3143.809700328407,3143.809700328407,0,0.0,"('Z', 'z_destroy_multistack_window', ((3, (13, 14)),), 'z_repair_bounded_detour_window', (2052, 2493), ('SORT',))",False
14,Z,1,rough,z_destroy_detour_window,z_repair_bounded_detour_window,False,,0,3119.369700328408,3119.369700328408,0,0.0,"('Z', 'z_destroy_detour_window', ((1, (0, 1)),), 'z_repair_bounded_detour_window', (2899, 2914), ('FLIP',))",False
14,Z,2,rough,z_destroy_multistack_window,z_repair_same_stack_window,False,,0,3119.369700328408,3119.369700328408,0,0.0,"('Z', 'z_destroy_multistack_window', ((2, (4, 5)),), 'z_repair_same_stack_window', (2493, 3206), ('FLIP',))",False
15,Z,3,rough,z_destroy_noise_window,z_repair_sort_range_shrink_first,False,,0,3266.9497003284073,3266.9497003284073,0,0.0,"('Z', 'z_destroy_noise_window', ((6, (2, 3)), (8, (15,))), 'z_repair_sort_range_shrink_first', (2865, 1956), ('SORT', 'SORT'))",False
15,Z,2,rough,z_destroy_noise_window,z_repair_mode_toggle_contextual,False,,0,3266.9497003284073,3266.9497003284073,0,0.0,"('Z', 'z_destroy_noise_window', ((6, (2, 3)), (8, (15,))), 'z_repair_mode_toggle_contextual', (2865, 1956), ('SORT', 'SORT'))",False
15,Z,1,rough,z_destroy_detour_window,z_repair_bounded_detour_window,False,,0,3113.2597003284072,3113.2597003284072,0,0.0,"('Z', 'z_destroy_detour_window', ((0, (16,)), (3, (13, 14))), 'z_repair_bounded_detour_window', (2047, 1956, 2052, 2493), ('FLIP', 'SORT'))",False
16,Z,1,rough,z_destroy_detour_window,z_repair_sort_range_shrink_first,False,,0,3137.6997003284073,3137.6997003284073,0,0.0,"('Z', 'z_destroy_detour_window', ((0, (16,)), (3, (13, 14))), 'z_repair_sort_range_shrink_first', (2047, 1956, 2052, 2493), ('SORT', 'SORT'))",False
16,Z,3,rough,z_destroy_noise_window,z_repair_bounded_detour_window,False,,0,3311.8347003284075,3311.8347003284075,0,0.0,"('Z', 'z_destroy_noise_window', ((0, (16,)), (8, (15,))), 'z_repair_bounded_detour_window', (2865, 1956, 2047), ('SORT', 'FLIP'))",False
16,Z,2,rough,z_destroy_mode_window,z_repair_bounded_detour_window,False,,0,3143.809700328407,3143.809700328407,0,0.0,"('Z', 'z_destroy_mode_window', ((3, (13, 14)),), 'z_repair_bounded_detour_window', (2052, 2493), ('SORT',))",False
17,Z,3,rough,z_destroy_noise_window,z_repair_same_stack_window,False,,0,3311.8347003284075,3311.8347003284075,0,0.0,"('Z', 'z_destroy_noise_window', ((0, (16,)), (8, (15,))), 'z_repair_same_stack_window', (2865, 1956, 2047), ('SORT', 'FLIP'))",False
17,Z,2,rough,z_destroy_noise_window,z_repair_mode_toggle_contextual,False,,0,3311.8347003284075,3311.8347003284075,0,0.0,"('Z', 'z_destroy_noise_window', ((0, (16,)), (8, (15,))), 'z_repair_mode_toggle_contextual', (2865, 1956, 2047), ('SORT', 'FLIP'))",False
17,Z,1,rough,z_destroy_detour_window,z_repair_bounded_detour_window,False,,0,3088.819700328407,3088.819700328407,0,0.0,"('Z', 'z_destroy_detour_window', ((0, (16,)), (1, (0, 1))), 'z_repair_bounded_detour_window', (2047, 1956, 2899, 2914), ('FLIP', 'FLIP'))",False
18,Z,3,rough,z_destroy_mode_window,z_repair_same_stack_window,False,,0,3215.0930336617407,3215.0930336617407,0,0.0,"('Z', 'z_destroy_mode_window', ((6, (2, 3)),), 'z_repair_same_stack_window', (1956, 2865), ('SORT',))",False
18,Z,1,rough,z_destroy_detour_window,z_repair_mode_toggle_contextual,False,,0,3088.819700328407,3088.819700328407,0,0.0,"('Z', 'z_destroy_detour_window', ((0, (16,)), (1, (0, 1))), 'z_repair_mode_toggle_contextual', (2047, 1956, 2899, 2914), ('FLIP', 'FLIP'))",False
18,Z,2,rough,z_destroy_mode_window,z_repair_mode_toggle_contextual,False,,0,3197.2722003284075,3197.2722003284075,0,0.0,"('Z', 'z_destroy_mode_window', ((5, (7, 8)),), 'z_repair_mode_toggle_contextual', (774, 1736), ('SORT',))",False
19,Z,2,rough,z_destroy_mode_window,z_repair_same_stack_window,False,,0,3143.809700328407,3143.809700328407,0,0.0,"('Z', 'z_destroy_mode_window', ((3, (13, 14)),), 'z_repair_same_stack_window', (2052, 2493), ('SORT',))",False
19,Z,3,rough,z_destroy_mode_window,z_repair_mode_toggle_contextual,False,,0,3215.0930336617407,3215.0930336617407,0,0.0,"('Z', 'z_destroy_mode_window', ((6, (2, 3)),), 'z_repair_mode_toggle_contextual', (1956, 2865), ('SORT',))",False
19,Z,1,rough,z_destroy_detour_window,z_repair_mode_toggle_contextual,False,,0,3119.369700328408,3119.369700328408,0,0.0,"('Z', 'z_destroy_detour_window', ((2, (4, 5)),), 'z_repair_mode_toggle_contextual', (2493, 3206), ('FLIP',))",False
20,Z,2,rough,z_destroy_mode_window,z_repair_bounded_detour_window,False,,0,3197.2722003284075,3197.2722003284075,0,0.0,"('Z', 'z_destroy_mode_window', ((5, (7, 8)),), 'z_repair_bounded_detour_window', (774, 1736), ('SORT',))",False
20,Z,3,rough,z_destroy_noise_window,z_repair_sort_range_shrink_first,False,,0,3336.274700328407,3336.274700328407,0,0.0,"('Z', 'z_destroy_noise_window', ((0, (16,)), (8, (15,))), 'z_repair_sort_range_shrink_first', (2865, 1956, 2047), ('SORT', 'SORT'))",False
20,Z,1,rough,z_destroy_multistack_window,z_repair_sort_range_shrink_first,False,,0,3143.809700328407,3143.809700328407,0,0.0,"('Z', 'z_destroy_multistack_window', ((1, (0, 1)),), 'z_repair_sort_range_shrink_first', (2899, 2914), ('SORT',))",False
21,X,1,exact,x_destroy_low_consolidation,x_repair_affinity_pack,False,greedy_repair,1,3149.919700328407,3149.919700328407,0,0.0,"((0, (0, ('0:4:0', '0:5:0', '0:7:0'), 0, 0, ((2047, 'FLIP', (83,), None),))), (1, (1, ('1:0:0', '1:12:0', '1:34:0', '1:3:0', '1:5:0', '1:8:0'), 1, 0, ((2899, 'FLIP', (64, 71), None), (2914, 'FLIP', (7,), None)))), (2, (2, ('2:2:0', '2:34:0', '2:6:0', '2:8:0'), 2, 0, ((2493, 'FLIP', (35, 41), None), (3206, 'FLIP', (163,), None)))), (3, (3, ('3:0:0', '3:1:0', '3:25:0', '3:6:0', '3:7:0', '3:8:0'), 3, 0, ((2052, 'SORT', (146, 147, 148), (0, 2)), (2493, 'FLIP', (36,), None)))), (4, (3, ('3:30:0', '3:9:0'), 4, 0, ((2843, 'FLIP', (11,), None), (973, 'FLIP', (121,), None)))), (5, (4, ('4:14:0', '4:1:0', '4:28:0', '4:3:0', '4:7:0'), 4, 1, ((774, 'SORT', (109, 110, 111), (2, 4)), (1736, 'FLIP', (128,), None)))), (6, (5, ('5:21:0', '5:32:0', '5:36:0', '5:3:0', '5:43:0', '5:8:0'), 0, 1, ((1956, 'SORT', (54, 55, 56, 57, 58), (0, 4)), (2865, 'FLIP', (137,), None)))), (7, (5, ('5:34:0',), 2, 1, ((3128, 'FLIP', (171,), None),))), (8, (6, ('6:0:0', '6:1:0', '6:3:0', '6:4:0', '6:6:0', '6:7:0'), 2, 2, ((2865, 'SORT', (138, 139, 140, 141, 142, 143, 144), (0, 6)),))), (9, (6, ('6:13:0', '6:21:0'), 1, 1, ((2904, 'FLIP', (9,), None), (1072, 'FLIP', (16,), None)))))",True
22,Y,3,rough,y_destroy_max_tardiness_blocker,y_repair_load_balance,False,,0,3329.3528222664772,3329.3528222664772,0,0.0,"('Y', 'y_destroy_max_tardiness_blocker', ((0, 0, 0), (6, 0, 1)), 'y_repair_load_balance', ((0, 3, 1), (6, 4, 2)))",False
22,Y,2,rough,y_destroy_load_skew_release,y_repair_load_balance,False,,0,3329.3528222664772,3329.3528222664772,0,0.0,"('Y', 'y_destroy_load_skew_release', ((0, 0, 0), (6, 0, 1)), 'y_repair_load_balance', ((0, 3, 1), (6, 4, 2)))",False
22,Y,1,rough,y_destroy_cross_station_fragment,y_repair_load_balance,False,,0,3326.055878668064,3326.055878668064,0,0.0,"('Y', 'y_destroy_cross_station_fragment', ((6, 0, 1), (7, 2, 1)), 'y_repair_load_balance', ((6, 4, 2), (7, 3, 1)))",False
22,Y,1,exact,y_destroy_cross_station_fragment,y_repair_load_balance,False,,0,3216.730734811166,3216.730734811166,0,0.0,"((0, (0, ('0:4:0', '0:5:0', '0:7:0'), 0, 0, ((2047, 'FLIP', (83,), None),))), (1, (1, ('1:0:0', '1:12:0', '1:34:0', '1:3:0', '1:5:0', '1:8:0'), 1, 0, ((2899, 'FLIP', (64, 71), None), (2914, 'FLIP', (7,), None)))), (2, (2, ('2:2:0', '2:34:0', '2:6:0', '2:8:0'), 2, 0, ((2493, 'FLIP', (35, 41), None), (3206, 'FLIP', (163,), None)))), (3, (3, ('3:0:0', '3:1:0', '3:25:0', '3:6:0', '3:7:0', '3:8:0'), 3, 0, ((2052, 'SORT', (146, 147, 148), (0, 2)), (2493, 'FLIP', (36,), None)))), (4, (3, ('3:30:0', '3:9:0'), 4, 0, ((2843, 'FLIP', (11,), None), (973, 'FLIP', (121,), None)))), (5, (4, ('4:14:0', '4:1:0', '4:28:0', '4:3:0', '4:7:0'), 4, 1, ((774, 'SORT', (109, 110, 111), (2, 4)), (1736, 'FLIP', (128,), None)))), (6, (5, ('5:21:0', '5:32:0', '5:36:0', '5:3:0', '5:43:0', '5:8:0'), 4, 2, ((1956, 'SORT', (54, 55, 56, 57, 58), (0, 4)), (2865, 'FLIP', (137,), None)))), (7, (5, ('5:34:0',), 3, 1, ((3128, 'FLIP', (171,), None),))), (8, (6, ('6:0:0', '6:1:0', '6:3:0', '6:4:0', '6:6:0', '6:7:0'), 2, 1, ((2865, 'SORT', (138, 139, 140, 141, 142, 143, 144), (0, 6)),))), (9, (6, ('6:13:0', '6:21:0'), 1, 1, ((2904, 'FLIP', (9,), None), (1072, 'FLIP', (16,), None)))))",True
23,Z,1,rough,z_destroy_detour_window,z_repair_same_stack_window,False,,0,3119.369700328408,3119.369700328408,0,0.0,"('Z', 'z_destroy_detour_window', ((1, (0, 1)),), 'z_repair_same_stack_window', (2899, 2914), ('FLIP',))",False
23,Z,2,rough,z_destroy_noise_window,z_repair_sort_range_shrink_first,False,,0,3197.2722003284075,3197.2722003284075,0,0.0,"('Z', 'z_destroy_noise_window', ((5, (7, 8)),), 'z_repair_sort_range_shrink_first', (774, 1736), ('SORT',))",False
23,Z,3,rough,z_destroy_mode_window,z_repair_bounded_detour_window,False,,0,3215.0930336617407,3215.0930336617407,0,0.0,"('Z', 'z_destroy_mode_window', ((6, (2, 3)),), 'z_repair_bounded_detour_window', (1956, 2865), ('SORT',))",False
24,X,2,exact,x_destroy_low_consolidation,x_repair_template_preserve,False,greedy_repair,1,3179.451366995074,3179.451366995074,0,0.0,"((0, (0, ('0:4:0', '0:5:0', '0:7:0'), 0, 0, ((2047, 'FLIP', (83,), None),))), (1, (1, ('1:0:0', '1:12:0', '1:34:0', '1:3:0', '1:5:0', '1:8:0'), 1, 1, ((2899, 'FLIP', (64, 71), None), (2914, 'FLIP', (7,), None)))), (2, (2, ('2:2:0', '2:34:0', '2:6:0', '2:8:0'), 2, 0, ((2493, 'FLIP', (35, 41), None), (3206, 'FLIP', (163,), None)))), (3, (3, ('3:0:0', '3:1:0', '3:25:0', '3:6:0', '3:7:0', '3:8:0'), 3, 0, ((2052, 'SORT', (146, 147, 148), (0, 2)), (2493, 'FLIP', (36,), None)))), (4, (3, ('3:30:0', '3:9:0'), 4, 0, ((2843, 'FLIP', (11,), None), (973, 'FLIP', (121,), None)))), (5, (4, ('4:14:0', '4:1:0', '4:28:0', '4:3:0', '4:7:0'), 4, 1, ((774, 'SORT', (109, 110, 111), (2, 4)), (1736, 'FLIP', (128,), None)))), (6, (5, ('5:21:0', '5:32:0', '5:36:0', '5:3:0', '5:43:0', '5:8:0'), 0, 1, ((1956, 'SORT', (54, 55, 56, 57, 58), (0, 4)), (2865, 'FLIP', (137,), None)))), (7, (5, ('5:34:0',), 2, 1, ((3128, 'FLIP', (171,), None),))), (8, (6, ('6:0:0', '6:1:0', '6:3:0', '6:4:0', '6:6:0', '6:7:0'), 2, 2, ((2865, 'SORT', (138, 139, 140, 141, 142, 143, 144), (0, 6)),))), (9, (6, ('6:13:0', '6:21:0'), 1, 0, ((2904, 'FLIP', (9,), None), (1072, 'FLIP', (16,), None)))))",False
24,X,1,exact,x_destroy_over_capacity_release,x_repair_template_preserve,False,greedy_repair,1,3149.919700328407,3149.919700328407,0,0.0,"((0, (0, ('0:4:0', '0:5:0', '0:7:0'), 0, 0, ((2047, 'FLIP', (83,), None),))), (1, (1, ('1:0:0', '1:12:0', '1:34:0', '1:3:0', '1:5:0', '1:8:0'), 1, 0, ((2899, 'FLIP', (64, 71), None), (2914, 'FLIP', (7,), None)))), (2, (2, ('2:2:0', '2:34:0', '2:6:0', '2:8:0'), 2, 0, ((2493, 'FLIP', (35, 41), None), (3206, 'FLIP', (163,), None)))), (3, (3, ('3:0:0', '3:1:0', '3:25:0', '3:6:0', '3:7:0', '3:8:0'), 3, 0, ((2052, 'SORT', (146, 147, 148), (0, 2)), (2493, 'FLIP', (36,), None)))), (4, (3, ('3:30:0', '3:9:0'), 4, 0, ((2843, 'FLIP', (11,), None), (973, 'FLIP', (121,), None)))), (5, (4, ('4:14:0', '4:1:0', '4:28:0', '4:3:0', '4:7:0'), 4, 1, ((774, 'SORT', (109, 110, 111), (2, 4)), (1736, 'FLIP', (128,), None)))), (6, (5, ('5:21:0', '5:32:0', '5:36:0', '5:3:0', '5:43:0', '5:8:0'), 0, 1, ((1956, 'SORT', (54, 55, 56, 57, 58), (0, 4)), (2865, 'FLIP', (137,), None)))), (7, (5, ('5:34:0',), 2, 1, ((3128, 'FLIP', (171,), None),))), (8, (6, ('6:0:0', '6:1:0', '6:3:0', '6:4:0', '6:6:0', '6:7:0'), 2, 2, ((2865, 'SORT', (138, 139, 140, 141, 142, 143, 144), (0, 6)),))), (9, (6, ('6:13:0', '6:21:0'), 1, 1, ((2904, 'FLIP', (9,), None), (1072, 'FLIP', (16,), None)))))",True
25,Y,1,rough,y_destroy_initial_idle_head,y_repair_regret2_station,False,,0,3071.0094530648303,3071.008659364304,0,0.0,"('Y', 'y_destroy_initial_idle_head', ((0, 0, 0),), 'y_repair_regret2_station', ((0, 4, 2),))",False
25,Y,2,rough,y_destroy_load_skew_release,y_repair_regret2_station,False,,0,3329.3528222664772,3329.352028565951,0,0.0,"('Y', 'y_destroy_load_skew_release', ((0, 0, 0), (6, 0, 1)), 'y_repair_regret2_station', ((0, 3, 1), (6, 4, 2)))",False
25,Y,3,rough,y_destroy_max_tardiness_blocker,y_repair_earliest_finish,False,,0,3329.3528222664772,3329.352028565951,0,0.0,"('Y', 'y_destroy_max_tardiness_blocker', ((0, 0, 0), (6, 0, 1)), 'y_repair_earliest_finish', ((0, 3, 1), (6, 4, 2)))",False
25,Y,1,exact,y_destroy_initial_idle_head,y_repair_regret2_station,False,,0,3154.589849753695,3154.589509596327,0,0.0,"((0, (0, ('0:4:0', '0:5:0', '0:7:0'), 4, 2, ((2047, 'FLIP', (83,), None),))), (1, (1, ('1:0:0', '1:12:0', '1:34:0', '1:3:0', '1:5:0', '1:8:0'), 1, 0, ((2899, 'FLIP', (64, 71), None), (2914, 'FLIP', (7,), None)))), (2, (2, ('2:2:0', '2:34:0', '2:6:0', '2:8:0'), 2, 0, ((2493, 'FLIP', (35, 41), None), (3206, 'FLIP', (163,), None)))), (3, (3, ('3:0:0', '3:1:0', '3:25:0', '3:6:0', '3:7:0', '3:8:0'), 3, 0, ((2052, 'SORT', (146, 147, 148), (0, 2)), (2493, 'FLIP', (36,), None)))), (4, (3, ('3:30:0', '3:9:0'), 4, 0, ((2843, 'FLIP', (11,), None), (973, 'FLIP', (121,), None)))), (5, (4, ('4:14:0', '4:1:0', '4:28:0', '4:3:0', '4:7:0'), 4, 1, ((774, 'SORT', (109, 110, 111), (2, 4)), (1736, 'FLIP', (128,), None)))), (6, (5, ('5:21:0', '5:32:0', '5:36:0', '5:3:0', '5:43:0', '5:8:0'), 0, 0, ((1956, 'SORT', (54, 55, 56, 57, 58), (0, 4)), (2865, 'FLIP', (137,), None)))), (7, (5, ('5:34:0',), 2, 1, ((3128, 'FLIP', (171,), None),))), (8, (6, ('6:0:0', '6:1:0', '6:3:0', '6:4:0', '6:6:0', '6:7:0'), 2, 2, ((2865, 'SORT', (138, 139, 140, 141, 142, 143, 144), (0, 6)),))), (9, (6, ('6:13:0', '6:21:0'), 1, 1, ((2904, 'FLIP', (9,), None), (1072, 'FLIP', (16,), None)))))",True
26,Z,1,rough,z_destroy_detour_window,z_repair_mode_toggle_contextual,False,,0,3124.039849753695,3124.042798211749,0,0.0,"('Z', 'z_destroy_detour_window', ((1, (0, 1)),), 'z_repair_mode_toggle_contextual', (2899, 2914), ('FLIP',))",False
26,Z,3,rough,z_destroy_noise_window,z_repair_bounded_detour_window,False,,0,3239.5743952082403,3239.5547779668864,0,0.0,"('Z', 'z_destroy_noise_window', ((5, (7, 8)), (8, (15,))), 'z_repair_bounded_detour_window', (2865, 1956, 774, 1736), ('SORT', 'SORT'))",False
26,Z,2,rough,z_destroy_noise_window,z_repair_sort_range_shrink_first,False,,0,3219.763183087028,3219.747435284515,0,0.0,"('Z', 'z_destroy_noise_window', ((6, (2, 3)),), 'z_repair_sort_range_shrink_first', (1956, 2865), ('SORT',))",False
27,X,1,exact,x_destroy_group_boundary_release,x_repair_template_preserve,False,greedy_repair,1,3154.5898497536946,3154.587454021346,0,0.0,"((0, (0, ('0:4:0', '0:5:0', '0:7:0'), 4, 2, ((2047, 'FLIP', (83,), None),))), (1, (1, ('1:0:0', '1:12:0', '1:34:0', '1:3:0', '1:5:0', '1:8:0'), 1, 0, ((2899, 'FLIP', (64, 71), None), (2914, 'FLIP', (7,), None)))), (2, (2, ('2:2:0', '2:34:0', '2:6:0', '2:8:0'), 2, 0, ((2493, 'FLIP', (35, 41), None), (3206, 'FLIP', (163,), None)))), (3, (3, ('3:0:0', '3:1:0', '3:25:0', '3:6:0', '3:7:0', '3:8:0'), 3, 0, ((2052, 'SORT', (146, 147, 148), (0, 2)), (2493, 'FLIP', (36,), None)))), (4, (3, ('3:30:0', '3:9:0'), 4, 0, ((2843, 'FLIP', (11,), None), (973, 'FLIP', (121,), None)))), (5, (4, ('4:14:0', '4:1:0', '4:28:0', '4:3:0', '4:7:0'), 4, 1, ((774, 'SORT', (109, 110, 111), (2, 4)), (1736, 'FLIP', (128,), None)))), (6, (5, ('5:21:0', '5:32:0', '5:36:0', '5:3:0', '5:43:0', '5:8:0'), 0, 0, ((1956, 'SORT', (54, 55, 56, 57, 58), (0, 4)), (2865, 'FLIP', (137,), None)))), (7, (5, ('5:34:0',), 2, 1, ((3128, 'FLIP', (171,), None),))), (8, (6, ('6:0:0', '6:1:0', '6:3:0', '6:4:0', '6:6:0', '6:7:0'), 2, 2, ((2865, 'SORT', (138, 139, 140, 141, 142, 143, 144), (0, 6)),))), (9, (6, ('6:13:0', '6:21:0'), 1, 1, ((2904, 'FLIP', (9,), None), (1072, 'FLIP', (16,), None)))))",True
27,X,2,exact,x_destroy_low_consolidation,x_repair_route_span_min,False,greedy_repair,1,3184.1215164203613,3184.1215529697056,0,0.0,"((0, (0, ('0:4:0', '0:5:0', '0:7:0'), 4, 2, ((2047, 'FLIP', (83,), None),))), (1, (1, ('1:0:0', '1:12:0', '1:34:0', '1:3:0', '1:5:0', '1:8:0'), 1, 1, ((2899, 'FLIP', (64, 71), None), (2914, 'FLIP', (7,), None)))), (2, (2, ('2:2:0', '2:34:0', '2:6:0', '2:8:0'), 2, 0, ((2493, 'FLIP', (35, 41), None), (3206, 'FLIP', (163,), None)))), (3, (3, ('3:0:0', '3:1:0', '3:25:0', '3:6:0', '3:7:0', '3:8:0'), 3, 0, ((2052, 'SORT', (146, 147, 148), (0, 2)), (2493, 'FLIP', (36,), None)))), (4, (3, ('3:30:0', '3:9:0'), 4, 0, ((2843, 'FLIP', (11,), None), (973, 'FLIP', (121,), None)))), (5, (4, ('4:14:0', '4:1:0', '4:28:0', '4:3:0', '4:7:0'), 4, 1, ((774, 'SORT', (109, 110, 111), (2, 4)), (1736, 'FLIP', (128,), None)))), (6, (5, ('5:21:0', '5:32:0', '5:36:0', '5:3:0', '5:43:0', '5:8:0'), 0, 0, ((1956, 'SORT', (54, 55, 56, 57, 58), (0, 4)), (2865, 'FLIP', (137,), None)))), (7, (5, ('5:34:0',), 2, 1, ((3128, 'FLIP', (171,), None),))), (8, (6, ('6:0:0', '6:1:0', '6:3:0', '6:4:0', '6:6:0', '6:7:0'), 2, 2, ((2865, 'SORT', (138, 139, 140, 141, 142, 143, 144), (0, 6)),))), (9, (6, ('6:13:0', '6:21:0'), 1, 0, ((2904, 'FLIP', (9,), None), (1072, 'FLIP', (16,), None)))))",False
28,Y,1,rough,y_destroy_initial_idle_head,y_repair_load_balance,False,,0,3071.0614540907577,3070.893737474924,0,0.0,"('Y', 'y_destroy_initial_idle_head', ((1, 1, 0),), 'y_repair_load_balance', ((1, 4, 3),))",False
28,Y,3,rough,y_destroy_congested_station_block,y_repair_earliest_finish,False,,0,3357.967482984224,3358.35929811969,0,0.0,"('Y', 'y_destroy_congested_station_block', ((7, 2, 1), (8, 2, 2)), 'y_repair_earliest_finish', ((7, 3, 1), (8, 4, 3)))",False
28,Y,2,rough,y_destroy_initial_idle_head,y_repair_regret2_station,False,,0,3071.0614540907577,3070.893737474924,0,0.0,"('Y', 'y_destroy_initial_idle_head', ((1, 1, 0),), 'y_repair_regret2_station', ((1, 4, 3),))",False
28,Y,1,exact,y_destroy_initial_idle_head,y_repair_load_balance,False,,0,3138.9222405582927,3138.926077696551,0,0.0,"((0, (0, ('0:4:0', '0:5:0', '0:7:0'), 4, 2, ((2047, 'FLIP', (83,), None),))), (1, (1, ('1:0:0', '1:12:0', '1:34:0', '1:3:0', '1:5:0', '1:8:0'), 4, 3, ((2899, 'FLIP', (64, 71), None), (2914, 'FLIP', (7,), None)))), (2, (2, ('2:2:0', '2:34:0', '2:6:0', '2:8:0'), 2, 0, ((2493, 'FLIP', (35, 41), None), (3206, 'FLIP', (163,), None)))), (3, (3, ('3:0:0', '3:1:0', '3:25:0', '3:6:0', '3:7:0', '3:8:0'), 3, 0, ((2052, 'SORT', (146, 147, 148), (0, 2)), (2493, 'FLIP', (36,), None)))), (4, (3, ('3:30:0', '3:9:0'), 4, 0, ((2843, 'FLIP', (11,), None), (973, 'FLIP', (121,), None)))), (5, (4, ('4:14:0', '4:1:0', '4:28:0', '4:3:0', '4:7:0'), 4, 1, ((774, 'SORT', (109, 110, 111), (2, 4)), (1736, 'FLIP', (128,), None)))), (6, (5, ('5:21:0', '5:32:0', '5:36:0', '5:3:0', '5:43:0', '5:8:0'), 0, 0, ((1956, 'SORT', (54, 55, 56, 57, 58), (0, 4)), (2865, 'FLIP', (137,), None)))), (7, (5, ('5:34:0',), 2, 1, ((3128, 'FLIP', (171,), None),))), (8, (6, ('6:0:0', '6:1:0', '6:3:0', '6:4:0', '6:6:0', '6:7:0'), 2, 2, ((2865, 'SORT', (138, 139, 140, 141, 142, 143, 144), (0, 6)),))), (9, (6, ('6:13:0', '6:21:0'), 1, 0, ((2904, 'FLIP', (9,), None), (1072, 'FLIP', (16,), None)))))",True
29,Z,1,rough,z_destroy_detour_window,z_repair_same_stack_window,False,,0,3124.039849753695,3124.044063666484,0,0.0,"('Z', 'z_destroy_detour_window', ((2, (4, 5)),), 'z_repair_same_stack_window', (2493, 3206), ('FLIP',))",False
29,Z,2,rough,z_destroy_multistack_window,z_repair_bounded_detour_window,False,,0,3124.039849753695,3124.044063666484,0,0.0,"('Z', 'z_destroy_multistack_window', ((1, (0, 1)),), 'z_repair_bounded_detour_window', (2899, 2914), ('FLIP',))",False
29,Z,3,rough,z_destroy_mode_window,z_repair_sort_range_shrink_first,False,,0,3201.9423497536945,3201.922549097746,0,0.0,"('Z', 'z_destroy_mode_window', ((5, (7, 8)),), 'z_repair_sort_range_shrink_first', (774, 1736), ('SORT',))",False
30,X,2,exact,x_destroy_over_capacity_release,x_repair_template_preserve,False,greedy_repair,1,3184.1215164203613,3184.1189547990753,0,0.0,"((0, (0, ('0:4:0', '0:5:0', '0:7:0'), 4, 2, ((2047, 'FLIP', (83,), None),))), (1, (1, ('1:0:0', '1:12:0', '1:34:0', '1:3:0', '1:5:0', '1:8:0'), 1, 1, ((2899, 'FLIP', (64, 71), None), (2914, 'FLIP', (7,), None)))), (2, (2, ('2:2:0', '2:34:0', '2:6:0', '2:8:0'), 2, 0, ((2493, 'FLIP', (35, 41), None), (3206, 'FLIP', (163,), None)))), (3, (3, ('3:0:0', '3:1:0', '3:25:0', '3:6:0', '3:7:0', '3:8:0'), 3, 0, ((2052, 'SORT', (146, 147, 148), (0, 2)), (2493, 'FLIP', (36,), None)))), (4, (3, ('3:30:0', '3:9:0'), 4, 0, ((2843, 'FLIP', (11,), None), (973, 'FLIP', (121,), None)))), (5, (4, ('4:14:0', '4:1:0', '4:28:0', '4:3:0', '4:7:0'), 4, 1, ((774, 'SORT', (109, 110, 111), (2, 4)), (1736, 'FLIP', (128,), None)))), (6, (5, ('5:21:0', '5:32:0', '5:36:0', '5:3:0', '5:43:0', '5:8:0'), 0, 0, ((1956, 'SORT', (54, 55, 56, 57, 58), (0, 4)), (2865, 'FLIP', (137,), None)))), (7, (5, ('5:34:0',), 2, 1, ((3128, 'FLIP', (171,), None),))), (8, (6, ('6:0:0', '6:1:0', '6:3:0', '6:4:0', '6:6:0', '6:7:0'), 2, 2, ((2865, 'SORT', (138, 139, 140, 141, 142, 143, 144), (0, 6)),))), (9, (6, ('6:13:0', '6:21:0'), 1, 0, ((2904, 'FLIP', (9,), None), (1072, 'FLIP', (16,), None)))))",False
30,X,1,exact,x_destroy_over_capacity_release,x_repair_affinity_pack,False,greedy_repair,1,3154.5898497536946,3154.5857196813004,0,0.0,"((0, (0, ('0:4:0', '0:5:0', '0:7:0'), 4, 2, ((2047, 'FLIP', (83,), None),))), (1, (1, ('1:0:0', '1:12:0', '1:34:0', '1:3:0', '1:5:0', '1:8:0'), 1, 0, ((2899, 'FLIP', (64, 71), None), (2914, 'FLIP', (7,), None)))), (2, (2, ('2:2:0', '2:34:0', '2:6:0', '2:8:0'), 2, 0, ((2493, 'FLIP', (35, 41), None), (3206, 'FLIP', (163,), None)))), (3, (3, ('3:0:0', '3:1:0', '3:25:0', '3:6:0', '3:7:0', '3:8:0'), 3, 0, ((2052, 'SORT', (146, 147, 148), (0, 2)), (2493, 'FLIP', (36,), None)))), (4, (3, ('3:30:0', '3:9:0'), 4, 0, ((2843, 'FLIP', (11,), None), (973, 'FLIP', (121,), None)))), (5, (4, ('4:14:0', '4:1:0', '4:28:0', '4:3:0', '4:7:0'), 4, 1, ((774, 'SORT', (109, 110, 111), (2, 4)), (1736, 'FLIP', (128,), None)))), (6, (5, ('5:21:0', '5:32:0', '5:36:0', '5:3:0', '5:43:0', '5:8:0'), 0, 0, ((1956, 'SORT', (54, 55, 56, 57, 58), (0, 4)), (2865, 'FLIP', (137,), None)))), (7, (5, ('5:34:0',), 2, 1, ((3128, 'FLIP', (171,), None),))), (8, (6, ('6:0:0', '6:1:0', '6:3:0', '6:4:0', '6:6:0', '6:7:0'), 2, 2, ((2865, 'SORT', (138, 139, 140, 141, 142, 143, 144), (0, 6)),))), (9, (6, ('6:13:0', '6:21:0'), 1, 1, ((2904, 'FLIP', (9,), None), (1072, 'FLIP', (16,), None)))))",True
31,Y,1,rough,y_destroy_load_skew_release,y_repair_arrival_aware_rank,False,,0,3093.484972205899,3093.44165888195,0,0.0,"('Y', 'y_destroy_load_skew_release', ((0, 4, 2), (5, 4, 1)), 'y_repair_arrival_aware_rank', ((0, 4, 1), (5, 3, 1)))",False
31,Y,3,rough,y_destroy_cross_station_fragment,y_repair_regret2_station,False,,0,3492.2075915752525,3492.4060722020595,0,0.0,"('Y', 'y_destroy_cross_station_fragment', ((3, 3, 0), (4, 4, 0)), 'y_repair_regret2_station', ((3, 4, 2), (4, 1, 2)))",False
31,Y,2,rough,y_destroy_cross_station_fragment,y_repair_earliest_finish,False,,0,3120.4587191729142,3120.4317633078326,0,0.0,"('Y', 'y_destroy_cross_station_fragment', ((8, 2, 2), (9, 1, 1)), 'y_repair_earliest_finish', ((8, 3, 1), (9, 4, 3)))",False
31,Y,1,exact,y_destroy_load_skew_release,y_repair_arrival_aware_rank,False,,0,3110.2124876847292,3110.215379687826,0,0.0,"((0, (0, ('0:4:0', '0:5:0', '0:7:0'), 4, 1, ((2047, 'FLIP', (83,), None),))), (1, (1, ('1:0:0', '1:12:0', '1:34:0', '1:3:0', '1:5:0', '1:8:0'), 1, 0, ((2899, 'FLIP', (64, 71), None), (2914, 'FLIP', (7,), None)))), (2, (2, ('2:2:0', '2:34:0', '2:6:0', '2:8:0'), 2, 0, ((2493, 'FLIP', (35, 41), None), (3206, 'FLIP', (163,), None)))), (3, (3, ('3:0:0', '3:1:0', '3:25:0', '3:6:0', '3:7:0', '3:8:0'), 3, 0, ((2052, 'SORT', (146, 147, 148), (0, 2)), (2493, 'FLIP', (36,), None)))), (4, (3, ('3:30:0', '3:9:0'), 4, 0, ((2843, 'FLIP', (11,), None), (973, 'FLIP', (121,), None)))), (5, (4, ('4:14:0', '4:1:0', '4:28:0', '4:3:0', '4:7:0'), 3, 1, ((774, 'SORT', (109, 110, 111), (2, 4)), (1736, 'FLIP', (128,), None)))), (6, (5, ('5:21:0', '5:32:0', '5:36:0', '5:3:0', '5:43:0', '5:8:0'), 0, 0, ((1956, 'SORT', (54, 55, 56, 57, 58), (0, 4)), (2865, 'FLIP', (137,), None)))), (7, (5, ('5:34:0',), 2, 1, ((3128, 'FLIP', (171,), None),))), (8, (6, ('6:0:0', '6:1:0', '6:3:0', '6:4:0', '6:6:0', '6:7:0'), 2, 2, ((2865, 'SORT', (138, 139, 140, 141, 142, 143, 144), (0, 6)),))), (9, (6, ('6:13:0', '6:21:0'), 1, 1, ((2904, 'FLIP', (9,), None), (1072, 'FLIP', (16,), None)))))",True
32,Z,2,rough,z_destroy_mode_window,z_repair_sort_range_shrink_first,False,,0,3148.479849753695,3148.4749056755663,0,0.0,"('Z', 'z_destroy_mode_window', ((3, (13, 14)),), 'z_repair_sort_range_shrink_first', (2052, 2493), ('SORT',))",False
32,Z,1,rough,z_destroy_detour_window,z_repair_same_stack_window,False,,0,3093.4898497536947,3093.4983936119916,0,0.0,"('Z', 'z_destroy_detour_window', ((0, (16,)), (2, (4, 5))), 'z_repair_same_stack_window', (2047, 1956, 2493, 3206), ('FLIP', 'FLIP'))",False
32,Z,3,rough,z_destroy_noise_window,z_repair_bounded_detour_window,False,,0,3271.619849753695,3271.5847019204934,0,0.0,"('Z', 'z_destroy_noise_window', ((6, (2, 3)), (8, (15,))), 'z_repair_bounded_detour_window', (2865, 1956), ('SORT', 'SORT'))",False
34,Y,1,rough,y_destroy_max_tardiness_blocker,y_repair_arrival_aware_rank,False,,0,3005.6033482475927,3005.571082677596,0,0.0,"('Y', 'y_destroy_max_tardiness_blocker', ((1, 1, 0), (9, 1, 1)), 'y_repair_arrival_aware_rank', ((1, 3, 1), (9, 4, 3)))",False
34,Y,3,rough,y_destroy_rank_window_release,y_repair_regret2_station,False,,0,3357.967482984224,3358.001928825356,0,0.0,"('Y', 'y_destroy_rank_window_release', ((7, 2, 1), (8, 2, 2)), 'y_repair_regret2_station', ((7, 3, 1), (8, 4, 3)))",False
34,Y,2,rough,y_destroy_rank_window_release,y_repair_load_balance,False,,0,3357.967482984224,3358.001928825356,0,0.0,"('Y', 'y_destroy_rank_window_release', ((7, 2, 1), (8, 2, 2)), 'y_repair_load_balance', ((7, 3, 1), (8, 4, 3)))",False
34,Y,1,exact,y_destroy_max_tardiness_blocker,y_repair_arrival_aware_rank,False,,0,3028.8961945812807,3028.903505828467,0,0.0,"((0, (0, ('0:4:0', '0:5:0', '0:7:0'), 4, 2, ((2047, 'FLIP', (83,), None),))), (1, (1, ('1:0:0', '1:12:0', '1:34:0', '1:3:0', '1:5:0', '1:8:0'), 3, 1, ((2899, 'FLIP', (64, 71), None), (2914, 'FLIP', (7,), None)))), (2, (2, ('2:2:0', '2:34:0', '2:6:0', '2:8:0'), 2, 0, ((2493, 'FLIP', (35, 41), None), (3206, 'FLIP', (163,), None)))), (3, (3, ('3:0:0', '3:1:0', '3:25:0', '3:6:0', '3:7:0', '3:8:0'), 3, 0, ((2052, 'SORT', (146, 147, 148), (0, 2)), (2493, 'FLIP', (36,), None)))), (4, (3, ('3:30:0', '3:9:0'), 4, 0, ((2843, 'FLIP', (11,), None), (973, 'FLIP', (121,), None)))), (5, (4, ('4:14:0', '4:1:0', '4:28:0', '4:3:0', '4:7:0'), 4, 1, ((774, 'SORT', (109, 110, 111), (2, 4)), (1736, 'FLIP', (128,), None)))), (6, (5, ('5:21:0', '5:32:0', '5:36:0', '5:3:0', '5:43:0', '5:8:0'), 0, 0, ((1956, 'SORT', (54, 55, 56, 57, 58), (0, 4)), (2865, 'FLIP', (137,), None)))), (7, (5, ('5:34:0',), 2, 1, ((3128, 'FLIP', (171,), None),))), (8, (6, ('6:0:0', '6:1:0', '6:3:0', '6:4:0', '6:6:0', '6:7:0'), 2, 2, ((2865, 'SORT', (138, 139, 140, 141, 142, 143, 144), (0, 6)),))), (9, (6, ('6:13:0', '6:21:0'), 4, 3, ((2904, 'FLIP', (9,), None), (1072, 'FLIP', (16,), None)))))",True
35,Z,1,rough,z_destroy_multistack_window,z_repair_same_stack_window,False,,0,2998.346194581281,2998.3502250947367,0,0.0,"('Z', 'z_destroy_multistack_window', ((2, (4, 5)),), 'z_repair_same_stack_window', (2493, 3206), ('FLIP',))",False
35,Z,2,rough,z_destroy_mode_window,z_repair_mode_toggle_contextual,False,,0,3022.786194581281,3022.789121259592,0,0.0,"('Z', 'z_destroy_mode_window', ((3, (13, 14)),), 'z_repair_mode_toggle_contextual', (2052, 2493), ('SORT',))",False
35,Z,3,rough,z_destroy_noise_window,z_repair_same_stack_window,False,,0,3094.069527914614,3094.069235073751,0,0.0,"('Z', 'z_destroy_noise_window', ((6, (2, 3)),), 'z_repair_same_stack_window', (1956, 2865), ('SORT',))",False
36,X,3,exact,x_destroy_over_capacity_release,x_repair_affinity_pack,False,greedy_repair,1,3088.073522167487,3088.0724728442774,0,0.0,"((0, (0, ('0:4:0', '0:5:0', '0:7:0'), 4, 2, ((2047, 'FLIP', (83,), None),))), (1, (1, ('1:0:0', '1:12:0', '1:34:0', '1:3:0', '1:5:0', '1:8:0'), 1, 0, ((2899, 'FLIP', (64, 71), None), (2914, 'FLIP', (7,), None)))), (2, (2, ('2:2:0', '2:34:0', '2:6:0', '2:8:0'), 2, 0, ((2493, 'FLIP', (35, 41), None), (3206, 'FLIP', (163,), None)))), (3, (3, ('3:0:0', '3:1:0', '3:25:0', '3:6:0', '3:7:0', '3:8:0'), 3, 0, ((2052, 'SORT', (146, 147, 148), (0, 2)), (2493, 'FLIP', (36,), None)))), (4, (3, ('3:30:0', '3:9:0'), 4, 0, ((2843, 'FLIP', (11,), None), (973, 'FLIP', (121,), None)))), (5, (4, ('4:14:0', '4:1:0', '4:28:0', '4:3:0', '4:7:0'), 4, 1, ((774, 'SORT', (109, 110, 111), (2, 4)), (1736, 'FLIP', (128,), None)))), (6, (5, ('5:21:0', '5:32:0', '5:36:0', '5:3:0', '5:43:0', '5:8:0'), 0, 0, ((1956, 'SORT', (54, 55, 56, 57, 58), (0, 4)), (2865, 'FLIP', (137,), None)))), (7, (5, ('5:34:0',), 2, 1, ((3128, 'FLIP', (171,), None),))), (8, (6, ('6:0:0', '6:1:0', '6:3:0', '6:4:0', '6:6:0', '6:7:0'), 2, 2, ((2865, 'SORT', (138, 139, 140, 141, 142, 143, 144), (0, 6)),))), (9, (6, ('6:13:0', '6:21:0'), 4, 3, ((2904, 'FLIP', (9,), None), (1072, 'FLIP', (16,), None)))))",False
36,X,2,exact,x_destroy_low_consolidation,x_repair_template_preserve,False,greedy_repair,1,3028.8961945812807,3028.8982984587615,0,0.0,"((0, (0, ('0:4:0', '0:5:0', '0:7:0'), 4, 2, ((2047, 'FLIP', (83,), None),))), (1, (1, ('1:0:0', '1:12:0', '1:34:0', '1:3:0', '1:5:0', '1:8:0'), 3, 1, ((2899, 'FLIP', (64, 71), None), (2914, 'FLIP', (7,), None)))), (2, (2, ('2:2:0', '2:34:0', '2:6:0', '2:8:0'), 2, 0, ((2493, 'FLIP', (35, 41), None), (3206, 'FLIP', (163,), None)))), (3, (3, ('3:0:0', '3:1:0', '3:25:0', '3:6:0', '3:7:0', '3:8:0'), 3, 0, ((2052, 'SORT', (146, 147, 148), (0, 2)), (2493, 'FLIP', (36,), None)))), (4, (3, ('3:30:0', '3:9:0'), 4, 0, ((2843, 'FLIP', (11,), None), (973, 'FLIP', (121,), None)))), (5, (4, ('4:14:0', '4:1:0', '4:28:0', '4:3:0', '4:7:0'), 4, 1, ((774, 'SORT', (109, 110, 111), (2, 4)), (1736, 'FLIP', (128,), None)))), (6, (5, ('5:21:0', '5:32:0', '5:36:0', '5:3:0', '5:43:0', '5:8:0'), 0, 0, ((1956, 'SORT', (54, 55, 56, 57, 58), (0, 4)), (2865, 'FLIP', (137,), None)))), (7, (5, ('5:34:0',), 2, 1, ((3128, 'FLIP', (171,), None),))), (8, (6, ('6:0:0', '6:1:0', '6:3:0', '6:4:0', '6:6:0', '6:7:0'), 2, 2, ((2865, 'SORT', (138, 139, 140, 141, 142, 143, 144), (0, 6)),))), (9, (6, ('6:13:0', '6:21:0'), 4, 3, ((2904, 'FLIP', (9,), None), (1072, 'FLIP', (16,), None)))))",False
36,X,1,exact,x_destroy_spatial_outliers,x_repair_template_preserve,False,greedy_repair,1,2838.169254926109,2838.1729769580006,0,0.0,"((0, (0, ('0:4:0', '0:5:0', '0:7:0'), 4, 2, ((2047, 'FLIP', (83,), None),))), (1, (1, ('1:0:0', '1:12:0', '1:34:0', '1:3:0', '1:5:0', '1:8:0'), 3, 0, ((2899, 'FLIP', (64, 71), None), (2914, 'FLIP', (7,), None)))), (2, (2, ('2:2:0', '2:34:0', '2:6:0', '2:8:0'), 2, 0, ((2493, 'FLIP', (35, 41), None), (3206, 'FLIP', (163,), None)))), (3, (3, ('3:0:0', '3:1:0', '3:25:0', '3:6:0', '3:7:0', '3:8:0'), 1, 0, ((2493, 'FLIP', (36, 39, 42), None),))), (4, (3, ('3:30:0', '3:9:0'), 4, 0, ((2843, 'FLIP', (11,), None), (973, 'FLIP', (121,), None)))), (5, (4, ('4:14:0', '4:1:0', '4:28:0', '4:3:0', '4:7:0'), 4, 1, ((774, 'SORT', (109, 110, 111), (2, 4)), (1736, 'FLIP', (128,), None)))), (6, (5, ('5:21:0', '5:32:0', '5:36:0', '5:3:0', '5:43:0', '5:8:0'), 0, 0, ((1956, 'SORT', (54, 55, 56, 57, 58), (0, 4)), (2865, 'FLIP', (137,), None)))), (7, (5, ('5:34:0',), 2, 1, ((3128, 'FLIP', (171,), None),))), (8, (6, ('6:0:0', '6:1:0', '6:3:0', '6:4:0', '6:6:0', '6:7:0'), 2, 2, ((2865, 'SORT', (138, 139, 140, 141, 142, 143, 144), (0, 6)),))), (9, (6, ('6:13:0', '6:21:0'), 4, 3, ((2904, 'FLIP', (9,), None), (1072, 'FLIP', (16,), None)))))",True
37,Y,2,rough,y_destroy_initial_idle_head,y_repair_earliest_finish,False,,0,3169.6263419412694,3169.7071120688765,0,0.0,"('Y', 'y_destroy_initial_idle_head', ((1, 3, 0),), 'y_repair_earliest_finish', ((1, 4, 4),))",False
37,Y,3,rough,y_destroy_initial_idle_head,y_repair_regret2_station,False,,0,3169.6263419412694,3169.7071120688765,0,0.0,"('Y', 'y_destroy_initial_idle_head', ((1, 3, 0),), 'y_repair_regret2_station', ((1, 4, 4),))",False
37,Y,1,rough,y_destroy_initial_idle_head,y_repair_arrival_aware_rank,False,,0,3169.6263419412694,3169.7071120688765,0,0.0,"('Y', 'y_destroy_initial_idle_head', ((1, 3, 0),), 'y_repair_arrival_aware_rank', ((1, 4, 4),))",False
37,Y,1,exact,y_destroy_initial_idle_head,y_repair_arrival_aware_rank,False,,0,2875.9633066502465,2875.9627074328446,0,0.0,"((0, (0, ('0:4:0', '0:5:0', '0:7:0'), 4, 2, ((2047, 'FLIP', (83,), None),))), (1, (1, ('1:0:0', '1:12:0', '1:34:0', '1:3:0', '1:5:0', '1:8:0'), 4, 4, ((2899, 'FLIP', (64, 71), None), (2914, 'FLIP', (7,), None)))), (2, (2, ('2:2:0', '2:34:0', '2:6:0', '2:8:0'), 2, 0, ((2493, 'FLIP', (35, 41), None), (3206, 'FLIP', (163,), None)))), (3, (3, ('3:0:0', '3:1:0', '3:25:0', '3:6:0', '3:7:0', '3:8:0'), 1, 0, ((2493, 'FLIP', (36, 39, 42), None),))), (4, (3, ('3:30:0', '3:9:0'), 4, 0, ((2843, 'FLIP', (11,), None), (973, 'FLIP', (121,), None)))), (5, (4, ('4:14:0', '4:1:0', '4:28:0', '4:3:0', '4:7:0'), 4, 1, ((774, 'SORT', (109, 110, 111), (2, 4)), (1736, 'FLIP', (128,), None)))), (6, (5, ('5:21:0', '5:32:0', '5:36:0', '5:3:0', '5:43:0', '5:8:0'), 0, 0, ((1956, 'SORT', (54, 55, 56, 57, 58), (0, 4)), (2865, 'FLIP', (137,), None)))), (7, (5, ('5:34:0',), 2, 1, ((3128, 'FLIP', (171,), None),))), (8, (6, ('6:0:0', '6:1:0', '6:3:0', '6:4:0', '6:6:0', '6:7:0'), 2, 2, ((2865, 'SORT', (138, 139, 140, 141, 142, 143, 144), (0, 6)),))), (9, (6, ('6:13:0', '6:21:0'), 4, 3, ((2904, 'FLIP', (9,), None), (1072, 'FLIP', (16,), None)))))",True
38,Z,1,rough,z_destroy_multistack_window,z_repair_mode_toggle_contextual,False,,0,2807.6192549261086,2807.615429964068,0,0.0,"('Z', 'z_destroy_multistack_window', ((1, (0, 1)),), 'z_repair_mode_toggle_contextual', (2899, 2914), ('FLIP',))",False
38,Z,3,rough,z_destroy_mode_window,z_repair_same_stack_window,False,,0,2885.5217549261088,2885.518172571813,0,0.0,"('Z', 'z_destroy_mode_window', ((5, (7, 8)),), 'z_repair_same_stack_window', (774, 1736), ('SORT',))",False
38,Z,2,rough,z_destroy_multistack_window,z_repair_mode_toggle_contextual,False,,0,2807.6192549261086,2807.615429964068,0,0.0,"('Z', 'z_destroy_multistack_window', ((4, (9, 10)),), 'z_repair_mode_toggle_contextual', (2843, 973), ('FLIP',))",False
38,Z,1,exact,z_destroy_multistack_window,z_repair_mode_toggle_contextual,False,,0,2992.2495882594417,2992.245992337008,0,0.0,"((0, (0, ('0:4:0', '0:5:0', '0:7:0'), 4, 2, ((2047, 'FLIP', (83,), None),))), (1, (1, ('1:0:0', '1:12:0', '1:34:0', '1:3:0', '1:5:0', '1:8:0'), 3, 0, ((2899, 'SORT', (64, 65, 66, 67, 68, 69, 70, 71), (0, 7)), (2914, 'FLIP', (7,), None)))), (2, (2, ('2:2:0', '2:34:0', '2:6:0', '2:8:0'), 2, 0, ((2493, 'FLIP', (35, 41), None), (3206, 'FLIP', (163,), None)))), (3, (3, ('3:0:0', '3:1:0', '3:25:0', '3:6:0', '3:7:0', '3:8:0'), 1, 0, ((2493, 'FLIP', (36, 39, 42), None),))), (4, (3, ('3:30:0', '3:9:0'), 4, 0, ((2843, 'FLIP', (11,), None), (973, 'FLIP', (121,), None)))), (5, (4, ('4:14:0', '4:1:0', '4:28:0', '4:3:0', '4:7:0'), 4, 1, ((774, 'SORT', (109, 110, 111), (2, 4)), (1736, 'FLIP', (128,), None)))), (6, (5, ('5:21:0', '5:32:0', '5:36:0', '5:3:0', '5:43:0', '5:8:0'), 0, 0, ((1956, 'SORT', (54, 55, 56, 57, 58), (0, 4)), (2865, 'FLIP', (137,), None)))), (7, (5, ('5:34:0',), 2, 1, ((3128, 'FLIP', (171,), None),))), (8, (6, ('6:0:0', '6:1:0', '6:3:0', '6:4:0', '6:6:0', '6:7:0'), 2, 2, ((2865, 'SORT', (138, 139, 140, 141, 142, 143, 144), (0, 6)),))), (9, (6, ('6:13:0', '6:21:0'), 4, 3, ((2904, 'FLIP', (9,), None), (1072, 'FLIP', (16,), None)))))",True
39,X,1,exact,x_destroy_low_consolidation,x_repair_template_preserve,False,greedy_repair,1,2829.052254926108,2829.047813586375,0,0.0,"((0, (0, ('0:4:0', '0:5:0', '0:7:0'), 4, 2, ((2047, 'FLIP', (83,), None),))), (1, (1, ('1:0:0', '1:12:0', '1:34:0', '1:3:0', '1:5:0', '1:8:0'), 3, 0, ((2899, 'FLIP', (64, 71), None), (2914, 'FLIP', (7,), None)))), (2, (2, ('2:2:0', '2:34:0', '2:6:0', '2:8:0'), 2, 0, ((2493, 'FLIP', (35, 41), None), (3206, 'FLIP', (163,), None)))), (3, (3, ('3:0:0', '3:1:0', '3:25:0', '3:6:0', '3:7:0', '3:8:0'), 1, 0, ((2493, 'FLIP', (36, 39, 42), None),))), (4, (3, ('3:30:0', '3:9:0'), 4, 0, ((2843, 'FLIP', (11,), None), (973, 'FLIP', (121,), None)))), (5, (4, ('4:14:0', '4:1:0', '4:28:0', '4:3:0', '4:7:0'), 4, 1, ((774, 'SORT', (109, 110, 111), (2, 4)), (1736, 'FLIP', (128,), None)))), (6, (5, ('5:21:0', '5:32:0', '5:36:0', '5:3:0', '5:43:0', '5:8:0'), 0, 0, ((1956, 'SORT', (54, 55, 56, 57, 58), (0, 4)), (2865, 'FLIP', (137,), None)))), (7, (5, ('5:34:0',), 2, 1, ((3128, 'FLIP', (171,), None),))), (8, (6, ('6:0:0', '6:1:0', '6:3:0', '6:4:0', '6:6:0', '6:7:0'), 2, 2, ((2865, 'SORT', (138, 139, 140, 141, 142, 143, 144), (0, 6)),))), (9, (6, ('6:13:0', '6:21:0'), 4, 3, ((2904, 'FLIP', (9,), None), (1072, 'FLIP', (16,), None)))))",True
39,X,3,exact,x_destroy_group_boundary_release,x_repair_template_preserve,False,full_y_refresh,1,3592.7455192939246,3592.7455192939246,0,0.0,"((0, (0, ('0:4:0', '0:5:0', '0:7:0'), 0, 8, ((2047, 'FLIP', (83,), None),))), (1, (1, ('1:0:0', '1:12:0', '1:34:0', '1:3:0', '1:5:0', '1:8:0'), 0, 5, ((2899, 'FLIP', (64, 71), None), (2914, 'FLIP', (7,), None)))), (2, (2, ('2:2:0', '2:34:0', '2:6:0', '2:8:0'), 0, 2, ((2493, 'FLIP', (35, 41), None), (3206, 'FLIP', (163,), None)))), (3, (3, ('3:0:0', '3:1:0', '3:25:0', '3:6:0', '3:7:0', '3:8:0'), 0, 1, ((2493, 'FLIP', (36, 39, 42), None),))), (4, (3, ('3:30:0', '3:9:0'), 0, 6, ((2843, 'FLIP', (11,), None), (973, 'FLIP', (121,), None)))), (5, (4, ('4:14:0', '4:1:0', '4:28:0', '4:3:0', '4:7:0'), 0, 7, ((774, 'SORT', (109, 110, 111), (2, 4)), (1736, 'FLIP', (128,), None)))), (6, (5, ('5:21:0', '5:32:0', '5:36:0', '5:3:0', '5:43:0', '5:8:0'), 0, 0, ((1956, 'SORT', (54, 55, 56, 57, 58), (0, 4)), (2865, 'FLIP', (137,), None)))), (7, (5, ('5:34:0',), 0, 3, ((3128, 'FLIP', (171,), None),))), (8, (6, ('6:0:0', '6:1:0', '6:3:0', '6:4:0', '6:6:0', '6:7:0'), 0, 4, ((2865, 'SORT', (138, 139, 140, 141, 142, 143, 144), (0, 6)),))), (9, (6, ('6:13:0', '6:21:0'), 0, 9, ((2904, 'FLIP', (9,), None), (1072, 'FLIP', (16,), None)))))",False
39,X,2,exact,x_destroy_over_capacity_release,x_repair_template_preserve,False,greedy_repair,1,2829.052254926108,2829.0490825405845,0,0.0,"((0, (0, ('0:4:0', '0:5:0', '0:7:0'), 4, 2, ((2047, 'FLIP', (83,), None),))), (1, (1, ('1:0:0', '1:12:0', '1:34:0', '1:3:0', '1:5:0', '1:8:0'), 3, 0, ((2899, 'FLIP', (64, 71), None), (2914, 'SORT', (7,), (0, 0))))), (2, (2, ('2:2:0', '2:34:0', '2:6:0', '2:8:0'), 2, 0, ((2493, 'FLIP', (35, 41), None), (3206, 'FLIP', (163,), None)))), (3, (3, ('3:0:0', '3:1:0', '3:25:0', '3:6:0', '3:7:0', '3:8:0'), 1, 0, ((2493, 'FLIP', (36, 39, 42), None),))), (4, (3, ('3:30:0', '3:9:0'), 4, 0, ((2843, 'FLIP', (11,), None), (973, 'FLIP', (121,), None)))), (5, (4, ('4:14:0', '4:1:0', '4:28:0', '4:3:0', '4:7:0'), 4, 1, ((774, 'SORT', (109, 110, 111), (2, 4)), (1736, 'FLIP', (128,), None)))), (6, (5, ('5:21:0', '5:32:0', '5:36:0', '5:3:0', '5:43:0', '5:8:0'), 0, 0, ((1956, 'SORT', (54, 55, 56, 57, 58), (0, 4)), (2865, 'FLIP', (137,), None)))), (7, (5, ('5:34:0',), 2, 1, ((3128, 'FLIP', (171,), None),))), (8, (6, ('6:0:0', '6:1:0', '6:3:0', '6:4:0', '6:6:0', '6:7:0'), 2, 2, ((2865, 'SORT', (138, 139, 140, 141, 142, 143, 144), (0, 6)),))), (9, (6, ('6:13:0', '6:21:0'), 4, 3, ((2904, 'FLIP', (9,), None), (1072, 'FLIP', (16,), None)))))",False
40,Y,2,rough,y_destroy_congested_station_block,y_repair_arrival_aware_rank,False,,0,3089.886478405895,3089.9880224250114,0,0.0,"('Y', 'y_destroy_congested_station_block', ((7, 2, 1), (8, 2, 2)), 'y_repair_arrival_aware_rank', ((7, 3, 1), (8, 4, 4)))",False
40,Y,1,rough,y_destroy_cross_station_fragment,y_repair_regret2_station,False,,0,3041.1997357119117,3041.2800762171637,0,0.0,"('Y', 'y_destroy_cross_station_fragment', ((3, 1, 0), (4, 4, 0)), 'y_repair_regret2_station', ((3, 4, 3), (4, 3, 1)))",False
40,Y,3,rough,y_destroy_congested_station_block,y_repair_regret2_station,False,,0,3089.886478405895,3089.9880224250114,0,0.0,"('Y', 'y_destroy_congested_station_block', ((7, 2, 1), (8, 2, 2)), 'y_repair_regret2_station', ((7, 3, 1), (8, 4, 4)))",False
40,Y,1,exact,y_destroy_cross_station_fragment,y_repair_regret2_station,False,,0,2898.0855767651888,2898.0855767651888,0,0.0,"((0, (0, ('0:4:0', '0:5:0', '0:7:0'), 4, 1, ((2047, 'FLIP', (83,), None),))), (1, (1, ('1:0:0', '1:12:0', '1:34:0', '1:3:0', '1:5:0', '1:8:0'), 3, 0, ((2899, 'FLIP', (64, 71), None), (2914, 'FLIP', (7,), None)))), (2, (2, ('2:2:0', '2:34:0', '2:6:0', '2:8:0'), 2, 0, ((2493, 'FLIP', (35, 41), None), (3206, 'FLIP', (163,), None)))), (3, (3, ('3:0:0', '3:1:0', '3:25:0', '3:6:0', '3:7:0', '3:8:0'), 4, 2, ((2493, 'FLIP', (36, 39, 42), None),))), (4, (3, ('3:30:0', '3:9:0'), 3, 1, ((2843, 'FLIP', (11,), None), (973, 'FLIP', (121,), None)))), (5, (4, ('4:14:0', '4:1:0', '4:28:0', '4:3:0', '4:7:0'), 4, 0, ((774, 'SORT', (109, 110, 111), (2, 4)), (1736, 'FLIP', (128,), None)))), (6, (5, ('5:21:0', '5:32:0', '5:36:0', '5:3:0', '5:43:0', '5:8:0'), 0, 0, ((1956, 'SORT', (54, 55, 56, 57, 58), (0, 4)), (2865, 'FLIP', (137,), None)))), (7, (5, ('5:34:0',), 2, 1, ((3128, 'FLIP', (171,), None),))), (8, (6, ('6:0:0', '6:1:0', '6:3:0', '6:4:0', '6:6:0', '6:7:0'), 2, 2, ((2865, 'SORT', (138, 139, 140, 141, 142, 143, 144), (0, 6)),))), (9, (6, ('6:13:0', '6:21:0'), 4, 3, ((2904, 'FLIP', (9,), None), (1072, 'FLIP', (16,), None)))))",True
41,Z,1,rough,z_destroy_detour_window,z_repair_mode_toggle_contextual,False,,0,2767.952254926108,2767.9418856928096,0,0.0,"('Z', 'z_destroy_detour_window', ((0, (16,)), (2, (4, 5))), 'z_repair_mode_toggle_contextual', (2047, 1956, 2493, 3206), ('FLIP', 'FLIP'))",False
41,Z,2,rough,z_destroy_detour_window,z_repair_same_stack_window,False,,0,2767.952254926108,2767.9418856928096,0,0.0,"('Z', 'z_destroy_detour_window', ((0, (16,)), (1, (20, 21))), 'z_repair_same_stack_window', (2047, 1956, 2899, 2914), ('FLIP', 'FLIP'))",False
41,Z,3,rough,z_destroy_multistack_window,z_repair_bounded_detour_window,False,,0,2798.5022549261084,2798.492287617461,0,0.0,"('Z', 'z_destroy_multistack_window', ((2, (4, 5)),), 'z_repair_bounded_detour_window', (2493, 3206), ('FLIP',))",False
42,X,1,exact,x_destroy_low_consolidation,x_repair_route_span_min,False,greedy_repair,1,2829.052254926108,2829.0446628757986,0,0.0,"((0, (0, ('0:4:0', '0:5:0', '0:7:0'), 4, 2, ((2047, 'FLIP', (83,), None),))), (1, (1, ('1:0:0', '1:12:0', '1:34:0', '1:3:0', '1:5:0', '1:8:0'), 3, 0, ((2899, 'FLIP', (64, 71), None), (2914, 'FLIP', (7,), None)))), (2, (2, ('2:2:0', '2:34:0', '2:6:0', '2:8:0'), 2, 0, ((2493, 'FLIP', (35, 41), None), (3206, 'FLIP', (163,), None)))), (3, (3, ('3:0:0', '3:1:0', '3:25:0', '3:6:0', '3:7:0', '3:8:0'), 1, 0, ((2493, 'FLIP', (36, 39, 42), None),))), (4, (3, ('3:30:0', '3:9:0'), 4, 0, ((2843, 'FLIP', (11,), None), (973, 'FLIP', (121,), None)))), (5, (4, ('4:14:0', '4:1:0', '4:28:0', '4:3:0', '4:7:0'), 4, 1, ((774, 'SORT', (109, 110, 111), (2, 4)), (1736, 'FLIP', (128,), None)))), (6, (5, ('5:21:0', '5:32:0', '5:36:0', '5:3:0', '5:43:0', '5:8:0'), 0, 0, ((1956, 'SORT', (54, 55, 56, 57, 58), (0, 4)), (2865, 'FLIP', (137,), None)))), (7, (5, ('5:34:0',), 2, 1, ((3128, 'FLIP', (171,), None),))), (8, (6, ('6:0:0', '6:1:0', '6:3:0', '6:4:0', '6:6:0', '6:7:0'), 2, 2, ((2865, 'SORT', (138, 139, 140, 141, 142, 143, 144), (0, 6)),))), (9, (6, ('6:13:0', '6:21:0'), 4, 3, ((2904, 'FLIP', (9,), None), (1072, 'FLIP', (16,), None)))))",True
43,Y,3,rough,y_destroy_max_tardiness_blocker,y_repair_regret2_station,False,,0,2829.052254926108,2829.0373287060897,0,0.0,"('Y', 'y_destroy_max_tardiness_blocker', ((1, 3, 0), (9, 4, 3)), 'y_repair_regret2_station', ((1, 3, 0), (9, 4, 3)))",False
43,Y,1,rough,y_destroy_rank_window_release,y_repair_earliest_finish,False,,0,2740.7479677575875,2740.6834354691373,0,0.0,"('Y', 'y_destroy_rank_window_release', ((0, 4, 2), (9, 4, 3)), 'y_repair_earliest_finish', ((0, 3, 1), (9, 4, 2)))",False
43,Y,2,rough,y_destroy_rank_window_release,y_repair_regret2_station,False,,0,2746.805175985522,2746.744046411657,0,0.0,"('Y', 'y_destroy_rank_window_release', ((0, 4, 2), (5, 4, 1)), 'y_repair_regret2_station', ((0, 4, 2), (5, 3, 1)))",False
43,Y,1,exact,y_destroy_rank_window_release,y_repair_earliest_finish,False,,0,2781.2637434318553,2781.2545786183027,0,0.0,"((0, (0, ('0:4:0', '0:5:0', '0:7:0'), 3, 1, ((2047, 'FLIP', (83,), None),))), (1, (1, ('1:0:0', '1:12:0', '1:34:0', '1:3:0', '1:5:0', '1:8:0'), 3, 0, ((2899, 'FLIP', (64, 71), None), (2914, 'FLIP', (7,), None)))), (2, (2, ('2:2:0', '2:34:0', '2:6:0', '2:8:0'), 2, 0, ((2493, 'FLIP', (35, 41), None), (3206, 'FLIP', (163,), None)))), (3, (3, ('3:0:0', '3:1:0', '3:25:0', '3:6:0', '3:7:0', '3:8:0'), 1, 0, ((2493, 'FLIP', (36, 39, 42), None),))), (4, (3, ('3:30:0', '3:9:0'), 4, 0, ((2843, 'FLIP', (11,), None), (973, 'FLIP', (121,), None)))), (5, (4, ('4:14:0', '4:1:0', '4:28:0', '4:3:0', '4:7:0'), 4, 1, ((774, 'SORT', (109, 110, 111), (2, 4)), (1736, 'FLIP', (128,), None)))), (6, (5, ('5:21:0', '5:32:0', '5:36:0', '5:3:0', '5:43:0', '5:8:0'), 0, 0, ((1956, 'SORT', (54, 55, 56, 57, 58), (0, 4)), (2865, 'FLIP', (137,), None)))), (7, (5, ('5:34:0',), 2, 1, ((3128, 'FLIP', (171,), None),))), (8, (6, ('6:0:0', '6:1:0', '6:3:0', '6:4:0', '6:6:0', '6:7:0'), 2, 2, ((2865, 'SORT', (138, 139, 140, 141, 142, 143, 144), (0, 6)),))), (9, (6, ('6:13:0', '6:21:0'), 4, 2, ((2904, 'FLIP', (9,), None), (1072, 'FLIP', (16,), None)))))",True
44,Z,1,rough,z_destroy_detour_window,z_repair_bounded_detour_window,False,,0,2750.713743431855,2750.6896745213735,0,0.0,"('Z', 'z_destroy_detour_window', ((1, (22, 23)),), 'z_repair_bounded_detour_window', (2899, 2914), ('FLIP',))",False
44,Z,2,rough,z_destroy_mode_window,z_repair_sort_range_shrink_first,False,,0,2846.4370767651885,2846.416081816379,0,0.0,"('Z', 'z_destroy_mode_window', ((6, (2, 3)),), 'z_repair_sort_range_shrink_first', (1956, 2865), ('SORT',))",False
44,Z,3,rough,z_destroy_mode_window,z_repair_bounded_detour_window,False,,0,2866.248288886401,2866.2279301346884,0,0.0,"('Z', 'z_destroy_mode_window', ((5, (7, 8)), (8, (15,))), 'z_repair_bounded_detour_window', (2865, 1956, 774, 1736), ('SORT', 'SORT'))",False
45,X,2,exact,x_destroy_low_consolidation,x_repair_route_span_min,False,greedy_repair,1,2790.428743431855,2790.42274562674,0,0.0,"((0, (0, ('0:4:0', '0:5:0', '0:7:0'), 3, 0, ((2047, 'FLIP', (83,), None),))), (1, (1, ('1:0:0', '1:12:0', '1:34:0', '1:3:0', '1:5:0', '1:8:0'), 3, 1, ((2899, 'FLIP', (64, 71), None), (2914, 'FLIP', (7,), None)))), (2, (2, ('2:2:0', '2:34:0', '2:6:0', '2:8:0'), 2, 0, ((2493, 'FLIP', (35, 41), None), (3206, 'FLIP', (163,), None)))), (3, (3, ('3:0:0', '3:1:0', '3:25:0', '3:6:0', '3:7:0', '3:8:0'), 1, 0, ((2493, 'FLIP', (36, 39, 42), None),))), (4, (3, ('3:30:0', '3:9:0'), 4, 0, ((2843, 'FLIP', (11,), None), (973, 'FLIP', (121,), None)))), (5, (4, ('4:14:0', '4:1:0', '4:28:0', '4:3:0', '4:7:0'), 4, 1, ((774, 'SORT', (109, 110, 111), (2, 4)), (1736, 'FLIP', (128,), None)))), (6, (5, ('5:21:0', '5:32:0', '5:36:0', '5:3:0', '5:43:0', '5:8:0'), 0, 0, ((1956, 'SORT', (54, 55, 56, 57, 58), (0, 4)), (2865, 'FLIP', (137,), None)))), (7, (5, ('5:34:0',), 2, 1, ((3128, 'FLIP', (171,), None),))), (8, (6, ('6:0:0', '6:1:0', '6:3:0', '6:4:0', '6:6:0', '6:7:0'), 2, 2, ((2865, 'SORT', (138, 139, 140, 141, 142, 143, 144), (0, 6)),))), (9, (6, ('6:13:0', '6:21:0'), 4, 2, ((2904, 'FLIP', (9,), None), (1072, 'FLIP', (16,), None)))))",False
45,X,1,exact,x_destroy_group_boundary_release,x_repair_template_preserve,False,greedy_repair,1,2781.2637434318553,2781.245418586115,0,0.0,"((0, (0, ('0:4:0', '0:5:0', '0:7:0'), 3, 1, ((2047, 'FLIP', (83,), None),))), (1, (1, ('1:0:0', '1:12:0', '1:34:0', '1:3:0', '1:5:0', '1:8:0'), 3, 0, ((2899, 'FLIP', (64, 71), None), (2914, 'FLIP', (7,), None)))), (2, (2, ('2:2:0', '2:34:0', '2:6:0', '2:8:0'), 2, 0, ((2493, 'FLIP', (35, 41), None), (3206, 'FLIP', (163,), None)))), (3, (3, ('3:0:0', '3:1:0', '3:25:0', '3:6:0', '3:7:0', '3:8:0'), 1, 0, ((2493, 'FLIP', (36, 39, 42), None),))), (4, (3, ('3:30:0', '3:9:0'), 4, 0, ((2843, 'FLIP', (11,), None), (973, 'FLIP', (121,), None)))), (5, (4, ('4:14:0', '4:1:0', '4:28:0', '4:3:0', '4:7:0'), 4, 1, ((774, 'SORT', (109, 110, 111), (2, 4)), (1736, 'FLIP', (128,), None)))), (6, (5, ('5:21:0', '5:32:0', '5:36:0', '5:3:0', '5:43:0', '5:8:0'), 0, 0, ((1956, 'SORT', (54, 55, 56, 57, 58), (0, 4)), (2865, 'FLIP', (137,), None)))), (7, (5, ('5:34:0',), 2, 1, ((3128, 'FLIP', (171,), None),))), (8, (6, ('6:0:0', '6:1:0', '6:3:0', '6:4:0', '6:6:0', '6:7:0'), 2, 2, ((2865, 'SORT', (138, 139, 140, 141, 142, 143, 144), (0, 6)),))), (9, (6, ('6:13:0', '6:21:0'), 4, 2, ((2904, 'FLIP', (9,), None), (1072, 'FLIP', (16,), None)))))",True
46,Y,2,rough,y_destroy_load_skew_release,y_repair_regret2_station,False,,0,3035.314357846487,3035.45344786126,0,0.0,"('Y', 'y_destroy_load_skew_release', ((7, 2, 1), (8, 2, 2)), 'y_repair_regret2_station', ((7, 3, 2), (8, 4, 3)))",False
46,Y,3,rough,y_destroy_rank_window_release,y_repair_regret2_station,False,,0,3035.314357846487,3035.45344786126,0,0.0,"('Y', 'y_destroy_rank_window_release', ((7, 2, 1), (8, 2, 2)), 'y_repair_regret2_station', ((7, 3, 2), (8, 4, 3)))",False
46,Y,1,rough,y_destroy_congested_station_block,y_repair_earliest_finish,False,,0,2745.379691839063,2745.3314348094855,0,0.0,"('Y', 'y_destroy_congested_station_block', ((5, 4, 1), (9, 4, 2)), 'y_repair_earliest_finish', ((5, 3, 2), (9, 4, 1)))",False
46,Y,1,exact,y_destroy_congested_station_block,y_repair_earliest_finish,False,,0,2761.897048029557,2761.8873148976486,0,0.0,"((0, (0, ('0:4:0', '0:5:0', '0:7:0'), 3, 1, ((2047, 'FLIP', (83,), None),))), (1, (1, ('1:0:0', '1:12:0', '1:34:0', '1:3:0', '1:5:0', '1:8:0'), 3, 0, ((2899, 'FLIP', (64, 71), None), (2914, 'FLIP', (7,), None)))), (2, (2, ('2:2:0', '2:34:0', '2:6:0', '2:8:0'), 2, 0, ((2493, 'FLIP', (35, 41), None), (3206, 'FLIP', (163,), None)))), (3, (3, ('3:0:0', '3:1:0', '3:25:0', '3:6:0', '3:7:0', '3:8:0'), 1, 0, ((2493, 'FLIP', (36, 39, 42), None),))), (4, (3, ('3:30:0', '3:9:0'), 4, 0, ((2843, 'FLIP', (11,), None), (973, 'FLIP', (121,), None)))), (5, (4, ('4:14:0', '4:1:0', '4:28:0', '4:3:0', '4:7:0'), 3, 2, ((774, 'SORT', (109, 110, 111), (2, 4)), (1736, 'FLIP', (128,), None)))), (6, (5, ('5:21:0', '5:32:0', '5:36:0', '5:3:0', '5:43:0', '5:8:0'), 0, 0, ((1956, 'SORT', (54, 55, 56, 57, 58), (0, 4)), (2865, 'FLIP', (137,), None)))), (7, (5, ('5:34:0',), 2, 1, ((3128, 'FLIP', (171,), None),))), (8, (6, ('6:0:0', '6:1:0', '6:3:0', '6:4:0', '6:6:0', '6:7:0'), 2, 2, ((2865, 'SORT', (138, 139, 140, 141, 142, 143, 144), (0, 6)),))), (9, (6, ('6:13:0', '6:21:0'), 4, 1, ((2904, 'FLIP', (9,), None), (1072, 'FLIP', (16,), None)))))",True
47,Z,3,rough,z_destroy_noise_window,z_repair_sort_range_shrink_first,False,,0,2846.8815934841023,2846.8622497157107,0,0.0,"('Z', 'z_destroy_noise_window', ((5, (7, 8)), (8, (15,))), 'z_repair_sort_range_shrink_first', (2865, 1956, 774, 1736), ('SORT', 'SORT'))",False
47,Z,1,rough,z_destroy_multistack_window,z_repair_mode_toggle_contextual,False,,0,2731.347048029557,2731.3226520396,0,0.0,"('Z', 'z_destroy_multistack_window', ((1, (22, 23)),), 'z_repair_mode_toggle_contextual', (2899, 2914), ('FLIP',))",False
47,Z,2,rough,z_destroy_multistack_window,z_repair_sort_range_shrink_first,False,,0,2755.7870480295574,2755.763720778778,0,0.0,"('Z', 'z_destroy_multistack_window', ((1, (22, 23)),), 'z_repair_sort_range_shrink_first', (2899, 2914), ('SORT',))",False
48,X,2,exact,x_destroy_low_consolidation,x_repair_route_span_min,False,greedy_repair,1,2774.117048029557,2774.115404489507,0,0.0,"((0, (0, ('0:4:0', '0:5:0', '0:7:0'), 3, 0, ((2047, 'FLIP', (83,), None),))), (1, (1, ('1:0:0', '1:12:0', '1:34:0', '1:3:0', '1:5:0', '1:8:0'), 3, 2, ((2899, 'FLIP', (64, 71), None), (2914, 'FLIP', (7,), None)))), (2, (2, ('2:2:0', '2:34:0', '2:6:0', '2:8:0'), 2, 0, ((2493, 'FLIP', (35, 41), None), (3206, 'FLIP', (163,), None)))), (3, (3, ('3:0:0', '3:1:0', '3:25:0', '3:6:0', '3:7:0', '3:8:0'), 1, 0, ((2493, 'FLIP', (36, 39, 42), None),))), (4, (3, ('3:30:0', '3:9:0'), 4, 0, ((2843, 'FLIP', (11,), None), (973, 'FLIP', (121,), None)))), (5, (4, ('4:14:0', '4:1:0', '4:28:0', '4:3:0', '4:7:0'), 3, 1, ((774, 'SORT', (109, 110, 111), (2, 4)), (1736, 'FLIP', (128,), None)))), (6, (5, ('5:21:0', '5:32:0', '5:36:0', '5:3:0', '5:43:0', '5:8:0'), 0, 0, ((1956, 'SORT', (54, 55, 56, 57, 58), (0, 4)), (2865, 'FLIP', (137,), None)))), (7, (5, ('5:34:0',), 2, 1, ((3128, 'FLIP', (171,), None),))), (8, (6, ('6:0:0', '6:1:0', '6:3:0', '6:4:0', '6:6:0', '6:7:0'), 2, 2, ((2865, 'SORT', (138, 139, 140, 141, 142, 143, 144), (0, 6)),))), (9, (6, ('6:13:0', '6:21:0'), 4, 1, ((2904, 'FLIP', (9,), None), (1072, 'FLIP', (16,), None)))))",False
48,X,1,exact,x_destroy_group_boundary_release,x_repair_affinity_pack,False,greedy_repair,1,2761.897048029557,2761.878745243055,0,0.0,"((0, (0, ('0:4:0', '0:5:0', '0:7:0'), 3, 1, ((2047, 'FLIP', (83,), None),))), (1, (1, ('1:0:0', '1:12:0', '1:34:0', '1:3:0', '1:5:0', '1:8:0'), 3, 0, ((2899, 'FLIP', (64, 71), None), (2914, 'FLIP', (7,), None)))), (2, (2, ('2:2:0', '2:34:0', '2:6:0', '2:8:0'), 2, 0, ((2493, 'FLIP', (35, 41), None), (3206, 'FLIP', (163,), None)))), (3, (3, ('3:0:0', '3:1:0', '3:25:0', '3:6:0', '3:7:0', '3:8:0'), 1, 0, ((2493, 'FLIP', (36, 39, 42), None),))), (4, (3, ('3:30:0', '3:9:0'), 4, 0, ((2843, 'FLIP', (11,), None), (973, 'FLIP', (121,), None)))), (5, (4, ('4:14:0', '4:1:0', '4:28:0', '4:3:0', '4:7:0'), 3, 2, ((774, 'SORT', (109, 110, 111), (2, 4)), (1736, 'FLIP', (128,), None)))), (6, (5, ('5:21:0', '5:32:0', '5:36:0', '5:3:0', '5:43:0', '5:8:0'), 0, 0, ((1956, 'SORT', (54, 55, 56, 57, 58), (0, 4)), (2865, 'FLIP', (137,), None)))), (7, (5, ('5:34:0',), 2, 1, ((3128, 'FLIP', (171,), None),))), (8, (6, ('6:0:0', '6:1:0', '6:3:0', '6:4:0', '6:6:0', '6:7:0'), 2, 2, ((2865, 'SORT', (138, 139, 140, 141, 142, 143, 144), (0, 6)),))), (9, (6, ('6:13:0', '6:21:0'), 4, 1, ((2904, 'FLIP', (9,), None), (1072, 'FLIP', (16,), None)))))",True
49,Y,3,rough,y_destroy_cross_station_fragment,y_repair_regret2_station,False,,0,2870.4788229818096,2870.536615526481,0,0.0,"('Y', 'y_destroy_cross_station_fragment', ((8, 2, 2), (9, 4, 1)), 'y_repair_regret2_station', ((8, 3, 3), (9, 4, 1)))",False
49,Y,1,rough,y_destroy_max_tardiness_blocker,y_repair_arrival_aware_rank,False,,0,2774.117048029557,2774.102058634561,0,0.0,"('Y', 'y_destroy_max_tardiness_blocker', ((1, 3, 0), (9, 4, 1)), 'y_repair_arrival_aware_rank', ((1, 3, 2), (9, 4, 1)))",False
49,Y,2,rough,y_destroy_max_tardiness_blocker,y_repair_regret2_station,False,,0,2774.117048029557,2774.102058634561,0,0.0,"('Y', 'y_destroy_max_tardiness_blocker', ((1, 3, 0), (9, 4, 1)), 'y_repair_regret2_station', ((1, 3, 2), (9, 4, 1)))",False
49,Y,1,exact,y_destroy_max_tardiness_blocker,y_repair_arrival_aware_rank,False,,0,2761.897048029557,2761.886668395052,0,0.0,"((0, (0, ('0:4:0', '0:5:0', '0:7:0'), 3, 0, ((2047, 'FLIP', (83,), None),))), (1, (1, ('1:0:0', '1:12:0', '1:34:0', '1:3:0', '1:5:0', '1:8:0'), 3, 1, ((2899, 'FLIP', (64, 71), None), (2914, 'FLIP', (7,), None)))), (2, (2, ('2:2:0', '2:34:0', '2:6:0', '2:8:0'), 2, 0, ((2493, 'FLIP', (35, 41), None), (3206, 'FLIP', (163,), None)))), (3, (3, ('3:0:0', '3:1:0', '3:25:0', '3:6:0', '3:7:0', '3:8:0'), 1, 0, ((2493, 'FLIP', (36, 39, 42), None),))), (4, (3, ('3:30:0', '3:9:0'), 4, 0, ((2843, 'FLIP', (11,), None), (973, 'FLIP', (121,), None)))), (5, (4, ('4:14:0', '4:1:0', '4:28:0', '4:3:0', '4:7:0'), 3, 2, ((774, 'SORT', (109, 110, 111), (2, 4)), (1736, 'FLIP', (128,), None)))), (6, (5, ('5:21:0', '5:32:0', '5:36:0', '5:3:0', '5:43:0', '5:8:0'), 0, 0, ((1956, 'SORT', (54, 55, 56, 57, 58), (0, 4)), (2865, 'FLIP', (137,), None)))), (7, (5, ('5:34:0',), 2, 1, ((3128, 'FLIP', (171,), None),))), (8, (6, ('6:0:0', '6:1:0', '6:3:0', '6:4:0', '6:6:0', '6:7:0'), 2, 2, ((2865, 'SORT', (138, 139, 140, 141, 142, 143, 144), (0, 6)),))), (9, (6, ('6:13:0', '6:21:0'), 4, 1, ((2904, 'FLIP', (9,), None), (1072, 'FLIP', (16,), None)))))",True
50,Z,2,rough,z_destroy_noise_window,z_repair_mode_toggle_contextual,False,,0,2827.0703813628897,2827.049558500818,0,0.0,"('Z', 'z_destroy_noise_window', ((6, (2, 3)),), 'z_repair_mode_toggle_contextual', (1956, 2865), ('SORT',))",False
50,Z,1,rough,z_destroy_detour_window,z_repair_bounded_detour_window,False,,0,2731.347048029557,2731.321080047,0,0.0,"('Z', 'z_destroy_detour_window', ((2, (4, 5)),), 'z_repair_bounded_detour_window', (2493, 3206), ('FLIP',))",False
50,Z,3,rough,z_destroy_mode_window,z_repair_mode_toggle_contextual,False,,0,2846.8815934841023,2846.861835472885,0,0.0,"('Z', 'z_destroy_mode_window', ((5, (7, 8)), (8, (15,))), 'z_repair_mode_toggle_contextual', (2865, 1956, 774, 1736), ('SORT', 'SORT'))",False
51,X,3,exact,x_destroy_spatial_outliers,x_repair_template_preserve,False,greedy_repair,1,2768.007048029557,2768.0004551158318,0,0.0,"((0, (0, ('0:4:0', '0:5:0', '0:7:0'), 3, 0, ((2047, 'FLIP', (83,), None),))), (1, (1, ('1:0:0', '1:12:0', '1:34:0', '1:3:0', '1:5:0', '1:8:0'), 3, 2, ((2899, 'FLIP', (64, 71), None), (2914, 'FLIP', (7,), None)))), (2, (2, ('2:2:0', '2:34:0', '2:6:0', '2:8:0'), 2, 0, ((2493, 'FLIP', (35, 41), None), (3206, 'FLIP', (163,), None)))), (3, (3, ('3:0:0', '3:1:0', '3:25:0', '3:6:0', '3:7:0', '3:8:0'), 1, 0, ((2493, 'FLIP', (36, 39, 42), None),))), (4, (3, ('3:30:0', '3:9:0'), 4, 0, ((2843, 'FLIP', (11,), None), (973, 'FLIP', (121,), None)))), (5, (4, ('4:14:0', '4:1:0', '4:28:0', '4:3:0', '4:7:0'), 3, 1, ((774, 'SORT', (109, 110, 111), (2, 4)), (1736, 'FLIP', (128,), None)))), (6, (5, ('5:21:0', '5:32:0', '5:36:0', '5:3:0', '5:43:0', '5:8:0'), 0, 0, ((1956, 'SORT', (54, 55, 56, 57, 58), (0, 4)), (2865, 'FLIP', (137,), None)))), (7, (5, ('5:34:0',), 2, 1, ((3128, 'FLIP', (171,), None),))), (8, (6, ('6:0:0', '6:1:0', '6:3:0', '6:4:0', '6:6:0', '6:7:0'), 2, 2, ((2865, 'SORT', (138, 139, 140, 141, 142, 143, 144), (0, 6)),))), (9, (6, ('6:13:0', '6:21:0'), 4, 1, ((2904, 'FLIP', (9,), None), (1072, 'FLIP', (16,), None)))))",False
51,X,1,exact,x_destroy_over_capacity_release,x_repair_template_preserve,False,greedy_repair,1,2680.03038136289,2680.0139243152735,0,0.0,"((0, (0, ('0:4:0', '0:5:0', '0:7:0'), 3, 0, ((2047, 'FLIP', (83,), None),))), (1, (1, ('1:0:0', '1:12:0', '1:34:0', '1:3:0', '1:5:0', '1:8:0'), 3, 1, ((2899, 'FLIP', (64, 71), None), (2914, 'FLIP', (7,), None)))), (2, (2, ('2:2:0', '2:34:0', '2:6:0', '2:8:0'), 2, 0, ((2493, 'FLIP', (35, 41), None), (3206, 'FLIP', (163,), None)))), (3, (3, ('3:0:0', '3:1:0', '3:25:0', '3:6:0', '3:7:0', '3:8:0'), 1, 0, ((2493, 'FLIP', (36, 39, 42), None),))), (4, (3, ('3:30:0', '3:9:0'), 4, 0, ((2843, 'FLIP', (11,), None), (973, 'FLIP', (121,), None)))), (5, (4, ('4:14:0', '4:1:0', '4:28:0', '4:3:0', '4:7:0'), 3, 2, ((774, 'SORT', (109, 110, 111), (2, 4)), (1736, 'FLIP', (128,), None)))), (6, (5, ('5:21:0', '5:32:0', '5:36:0', '5:3:0', '5:43:0', '5:8:0'), 0, 0, ((1956, 'FLIP', (54, 56, 58), None), (2865, 'SORT', (137,), (0, 0))))), (7, (5, ('5:34:0',), 2, 1, ((3128, 'FLIP', (171,), None),))), (8, (6, ('6:0:0', '6:1:0', '6:3:0', '6:4:0', '6:6:0', '6:7:0'), 2, 2, ((2865, 'SORT', (138, 139, 140, 141, 142, 143, 144), (0, 6)),))), (9, (6, ('6:13:0', '6:21:0'), 4, 1, ((2904, 'FLIP', (9,), None), (1072, 'FLIP', (16,), None)))))",True
51,X,2,exact,x_destroy_low_consolidation,x_repair_affinity_pack,False,greedy_repair,1,2761.897048029557,2761.8777405318137,0,0.0,"((0, (0, ('0:4:0', '0:5:0', '0:7:0'), 3, 0, ((2047, 'FLIP', (83,), None),))), (1, (1, ('1:0:0', '1:12:0', '1:34:0', '1:3:0', '1:5:0', '1:8:0'), 3, 1, ((2899, 'FLIP', (64, 71), None), (2914, 'FLIP', (7,), None)))), (2, (2, ('2:2:0', '2:34:0', '2:6:0', '2:8:0'), 2, 0, ((2493, 'FLIP', (35, 41), None), (3206, 'FLIP', (163,), None)))), (3, (3, ('3:0:0', '3:1:0', '3:25:0', '3:6:0', '3:7:0', '3:8:0'), 1, 0, ((2493, 'FLIP', (36, 39, 42), None),))), (4, (3, ('3:30:0', '3:9:0'), 4, 0, ((2843, 'FLIP', (11,), None), (973, 'FLIP', (121,), None)))), (5, (4, ('4:14:0', '4:1:0', '4:28:0', '4:3:0', '4:7:0'), 3, 2, ((774, 'SORT', (109, 110, 111), (2, 4)), (1736, 'FLIP', (128,), None)))), (6, (5, ('5:21:0', '5:32:0', '5:36:0', '5:3:0', '5:43:0', '5:8:0'), 0, 0, ((1956, 'SORT', (54, 55, 56, 57, 58), (0, 4)), (2865, 'FLIP', (137,), None)))), (7, (5, ('5:34:0',), 2, 1, ((3128, 'FLIP', (171,), None),))), (8, (6, ('6:0:0', '6:1:0', '6:3:0', '6:4:0', '6:6:0', '6:7:0'), 2, 2, ((2865, 'SORT', (138, 139, 140, 141, 142, 143, 144), (0, 6)),))), (9, (6, ('6:13:0', '6:21:0'), 4, 1, ((2904, 'FLIP', (9,), None), (1072, 'FLIP', (16,), None)))))",False
52,Y,1,rough,y_destroy_initial_idle_head,y_repair_arrival_aware_rank,False,,0,2808.4183012075578,2808.4989078606477,0,0.0,"('Y', 'y_destroy_initial_idle_head', ((1, 3, 1),), 'y_repair_arrival_aware_rank', ((1, 4, 2),))",False
52,Y,3,rough,y_destroy_rank_window_release,y_repair_regret2_station,False,,0,2909.8633195085895,2910.031352480075,0,0.0,"('Y', 'y_destroy_rank_window_release', ((7, 2, 1), (8, 2, 2)), 'y_repair_regret2_station', ((7, 3, 3), (8, 4, 2)))",False
52,Y,2,rough,y_destroy_initial_idle_head,y_repair_regret2_station,False,,0,2808.4183012075578,2808.4989078606477,0,0.0,"('Y', 'y_destroy_initial_idle_head', ((1, 3, 1),), 'y_repair_regret2_station', ((1, 4, 2),))",False
52,Y,1,exact,y_destroy_initial_idle_head,y_repair_arrival_aware_rank,False,,0,2702.056433087028,2702.043712310998,0,0.0,"((0, (0, ('0:4:0', '0:5:0', '0:7:0'), 3, 0, ((2047, 'FLIP', (83,), None),))), (1, (1, ('1:0:0', '1:12:0', '1:34:0', '1:3:0', '1:5:0', '1:8:0'), 4, 2, ((2899, 'FLIP', (64, 71), None), (2914, 'FLIP', (7,), None)))), (2, (2, ('2:2:0', '2:34:0', '2:6:0', '2:8:0'), 2, 0, ((2493, 'FLIP', (35, 41), None), (3206, 'FLIP', (163,), None)))), (3, (3, ('3:0:0', '3:1:0', '3:25:0', '3:6:0', '3:7:0', '3:8:0'), 1, 0, ((2493, 'FLIP', (36, 39, 42), None),))), (4, (3, ('3:30:0', '3:9:0'), 4, 0, ((2843, 'FLIP', (11,), None), (973, 'FLIP', (121,), None)))), (5, (4, ('4:14:0', '4:1:0', '4:28:0', '4:3:0', '4:7:0'), 3, 1, ((774, 'SORT', (109, 110, 111), (2, 4)), (1736, 'FLIP', (128,), None)))), (6, (5, ('5:21:0', '5:32:0', '5:36:0', '5:3:0', '5:43:0', '5:8:0'), 0, 0, ((1956, 'FLIP', (54, 56, 58), None), (2865, 'SORT', (137,), (0, 0))))), (7, (5, ('5:34:0',), 2, 1, ((3128, 'FLIP', (171,), None),))), (8, (6, ('6:0:0', '6:1:0', '6:3:0', '6:4:0', '6:6:0', '6:7:0'), 2, 2, ((2865, 'SORT', (138, 139, 140, 141, 142, 143, 144), (0, 6)),))), (9, (6, ('6:13:0', '6:21:0'), 4, 1, ((2904, 'FLIP', (9,), None), (1072, 'FLIP', (16,), None)))))",True
53,Z,3,rough,z_destroy_noise_window,z_repair_same_stack_window,False,,0,2765.0149268174355,2764.9950091366986,0,0.0,"('Z', 'z_destroy_noise_window', ((5, (7, 8)), (8, (15,))), 'z_repair_same_stack_window', (2865, 1956, 774, 1736), ('SORT', 'SORT'))",False
53,Z,1,rough,z_destroy_mode_window,z_repair_bounded_detour_window,False,,0,2649.48038136289,2649.455128351065,0,0.0,"('Z', 'z_destroy_mode_window', ((6, (26, 27)),), 'z_repair_bounded_detour_window', (1956, 2865), ('FLIP',))",False
53,Z,2,rough,z_destroy_multistack_window,z_repair_same_stack_window,False,,0,2649.48038136289,2649.455128351065,0,0.0,"('Z', 'z_destroy_multistack_window', ((1, (22, 23)),), 'z_repair_same_stack_window', (2899, 2914), ('FLIP',))",False
53,Z,1,exact,z_destroy_mode_window,z_repair_bounded_detour_window,False,,0,2680.2223813628902,2680.1986704673664,0,0.0,"((0, (0, ('0:4:0', '0:5:0', '0:7:0'), 3, 0, ((2047, 'FLIP', (83,), None),))), (1, (1, ('1:0:0', '1:12:0', '1:34:0', '1:3:0', '1:5:0', '1:8:0'), 3, 1, ((2899, 'FLIP', (64, 71), None), (2914, 'FLIP', (7,), None)))), (2, (2, ('2:2:0', '2:34:0', '2:6:0', '2:8:0'), 2, 0, ((2493, 'FLIP', (35, 41), None), (3206, 'FLIP', (163,), None)))), (3, (3, ('3:0:0', '3:1:0', '3:25:0', '3:6:0', '3:7:0', '3:8:0'), 1, 0, ((2493, 'FLIP', (36, 39, 42), None),))), (4, (3, ('3:30:0', '3:9:0'), 4, 0, ((2843, 'FLIP', (11,), None), (973, 'FLIP', (121,), None)))), (5, (4, ('4:14:0', '4:1:0', '4:28:0', '4:3:0', '4:7:0'), 3, 2, ((774, 'SORT', (109, 110, 111), (2, 4)), (1736, 'FLIP', (128,), None)))), (6, (5, ('5:21:0', '5:32:0', '5:36:0', '5:3:0', '5:43:0', '5:8:0'), 0, 0, ((1956, 'FLIP', (54, 56, 58), None), (2865, 'SORT', (137,), (0, 0))))), (7, (5, ('5:34:0',), 2, 1, ((3128, 'FLIP', (171,), None),))), (8, (6, ('6:0:0', '6:1:0', '6:3:0', '6:4:0', '6:6:0', '6:7:0'), 2, 2, ((2865, 'SORT', (138, 139, 140, 141, 142, 143, 144), (0, 6)),))), (9, (6, ('6:13:0', '6:21:0'), 4, 1, ((2904, 'FLIP', (9,), None), (1072, 'FLIP', (16,), None)))))",True
54,X,1,exact,x_destroy_group_boundary_release,x_repair_template_preserve,False,greedy_repair,1,2680.2223813628893,2680.2004008006006,0,0.0,"((0, (0, ('0:4:0', '0:5:0', '0:7:0'), 3, 0, ((2047, 'FLIP', (83,), None),))), (1, (1, ('1:0:0', '1:12:0', '1:34:0', '1:3:0', '1:5:0', '1:8:0'), 3, 1, ((2899, 'FLIP', (64, 71), None), (2914, 'FLIP', (7,), None)))), (2, (2, ('2:2:0', '2:34:0', '2:6:0', '2:8:0'), 2, 0, ((2493, 'FLIP', (35, 41), None), (3206, 'FLIP', (163,), None)))), (3, (3, ('3:0:0', '3:1:0', '3:25:0', '3:6:0', '3:7:0', '3:8:0'), 1, 0, ((2493, 'FLIP', (36, 39, 42), None),))), (4, (3, ('3:30:0', '3:9:0'), 4, 0, ((2843, 'FLIP', (11,), None), (973, 'FLIP', (121,), None)))), (5, (4, ('4:14:0', '4:1:0', '4:28:0', '4:3:0', '4:7:0'), 3, 2, ((774, 'SORT', (109, 110, 111), (2, 4)), (1736, 'FLIP', (128,), None)))), (6, (5, ('5:21:0', '5:32:0', '5:36:0', '5:3:0', '5:43:0', '5:8:0'), 0, 0, ((1956, 'FLIP', (54, 56, 58), None), (2865, 'FLIP', (137,), None)))), (7, (5, ('5:34:0',), 2, 1, ((3128, 'FLIP', (171,), None),))), (8, (6, ('6:0:0', '6:1:0', '6:3:0', '6:4:0', '6:6:0', '6:7:0'), 2, 2, ((2865, 'SORT', (138, 139, 140, 141, 142, 143, 144), (0, 6)),))), (9, (6, ('6:13:0', '6:21:0'), 4, 1, ((2904, 'FLIP', (9,), None), (1072, 'FLIP', (16,), None)))))",True
54,X,2,exact,x_destroy_low_consolidation,x_repair_route_span_min,False,greedy_repair,1,2686.33238136289,2686.321587029416,0,0.0,"((0, (0, ('0:4:0', '0:5:0', '0:7:0'), 3, 0, ((2047, 'FLIP', (83,), None),))), (1, (1, ('1:0:0', '1:12:0', '1:34:0', '1:3:0', '1:5:0', '1:8:0'), 3, 2, ((2899, 'FLIP', (64, 71), None), (2914, 'FLIP', (7,), None)))), (2, (2, ('2:2:0', '2:34:0', '2:6:0', '2:8:0'), 2, 0, ((2493, 'FLIP', (35, 41), None), (3206, 'FLIP', (163,), None)))), (3, (3, ('3:0:0', '3:1:0', '3:25:0', '3:6:0', '3:7:0', '3:8:0'), 1, 0, ((2493, 'FLIP', (36, 39, 42), None),))), (4, (3, ('3:30:0', '3:9:0'), 4, 0, ((2843, 'FLIP', (11,), None), (973, 'FLIP', (121,), None)))), (5, (4, ('4:14:0', '4:1:0', '4:28:0', '4:3:0', '4:7:0'), 3, 1, ((774, 'SORT', (109, 110, 111), (2, 4)), (1736, 'FLIP', (128,), None)))), (6, (5, ('5:21:0', '5:32:0', '5:36:0', '5:3:0', '5:43:0', '5:8:0'), 0, 0, ((1956, 'FLIP', (54, 56, 58), None), (2865, 'SORT', (137,), (0, 0))))), (7, (5, ('5:34:0',), 2, 1, ((3128, 'FLIP', (171,), None),))), (8, (6, ('6:0:0', '6:1:0', '6:3:0', '6:4:0', '6:6:0', '6:7:0'), 2, 2, ((2865, 'SORT', (138, 139, 140, 141, 142, 143, 144), (0, 6)),))), (9, (6, ('6:13:0', '6:21:0'), 4, 1, ((2904, 'FLIP', (9,), None), (1072, 'FLIP', (16,), None)))))",False
54,X,3,exact,x_destroy_low_consolidation,x_repair_template_preserve,False,full_y_refresh,1,3548.0121859605915,3548.0121859605915,0,0.0,"((0, (0, ('0:4:0', '0:5:0', '0:7:0'), 0, 5, ((2047, 'FLIP', (83,), None),))), (1, (1, ('1:0:0', '1:12:0', '1:34:0', '1:3:0', '1:5:0', '1:8:0'), 0, 6, ((2899, 'FLIP', (64, 71), None), (2914, 'FLIP', (7,), None)))), (2, (2, ('2:2:0', '2:34:0', '2:6:0', '2:8:0'), 0, 2, ((2493, 'FLIP', (35, 41), None), (3206, 'FLIP', (163,), None)))), (3, (3, ('3:0:0', '3:1:0', '3:25:0', '3:6:0', '3:7:0', '3:8:0'), 0, 1, ((2493, 'FLIP', (36, 39, 42), None),))), (4, (3, ('3:30:0', '3:9:0'), 0, 8, ((2843, 'FLIP', (11,), None), (973, 'FLIP', (121,), None)))), (5, (4, ('4:14:0', '4:1:0', '4:28:0', '4:3:0', '4:7:0'), 0, 7, ((774, 'SORT', (109, 110, 111), (2, 4)), (1736, 'FLIP', (128,), None)))), (6, (5, ('5:21:0', '5:32:0', '5:36:0', '5:3:0', '5:43:0', '5:8:0'), 0, 0, ((1956, 'FLIP', (54, 56, 58), None), (2865, 'SORT', (137,), (0, 0))))), (7, (5, ('5:34:0',), 0, 3, ((3128, 'FLIP', (171,), None),))), (8, (6, ('6:0:0', '6:1:0', '6:3:0', '6:4:0', '6:6:0', '6:7:0'), 0, 4, ((2865, 'SORT', (138, 139, 140, 141, 142, 143, 144), (0, 6)),))), (9, (6, ('6:13:0', '6:21:0'), 0, 9, ((2904, 'FLIP', (9,), None), (1072, 'FLIP', (16,), None)))))",False
55,Y,2,rough,y_destroy_initial_idle_head,y_repair_earliest_finish,False,,0,2808.610301207558,2808.702757599153,0,0.0,"('Y', 'y_destroy_initial_idle_head', ((1, 3, 1),), 'y_repair_earliest_finish', ((1, 4, 2),))",False
55,Y,3,rough,y_destroy_cross_station_fragment,y_repair_arrival_aware_rank,False,,0,2874.780155401822,2874.936542753172,0,0.0,"('Y', 'y_destroy_cross_station_fragment', ((3, 1, 0), (4, 4, 0)), 'y_repair_arrival_aware_rank', ((3, 4, 1), (4, 3, 3)))",False
55,Y,1,rough,y_destroy_congested_station_block,y_repair_load_balance,False,,0,2750.5653012075577,2750.6016765845543,0,0.0,"('Y', 'y_destroy_congested_station_block', ((1, 3, 1), (5, 3, 2)), 'y_repair_load_balance', ((1, 4, 2), (5, 3, 1)))",False
55,Y,1,exact,y_destroy_congested_station_block,y_repair_load_balance,False,,0,2702.056433087028,2702.0430018993006,0,0.0,"((0, (0, ('0:4:0', '0:5:0', '0:7:0'), 3, 0, ((2047, 'FLIP', (83,), None),))), (1, (1, ('1:0:0', '1:12:0', '1:34:0', '1:3:0', '1:5:0', '1:8:0'), 4, 2, ((2899, 'FLIP', (64, 71), None), (2914, 'FLIP', (7,), None)))), (2, (2, ('2:2:0', '2:34:0', '2:6:0', '2:8:0'), 2, 0, ((2493, 'FLIP', (35, 41), None), (3206, 'FLIP', (163,), None)))), (3, (3, ('3:0:0', '3:1:0', '3:25:0', '3:6:0', '3:7:0', '3:8:0'), 1, 0, ((2493, 'FLIP', (36, 39, 42), None),))), (4, (3, ('3:30:0', '3:9:0'), 4, 0, ((2843, 'FLIP', (11,), None), (973, 'FLIP', (121,), None)))), (5, (4, ('4:14:0', '4:1:0', '4:28:0', '4:3:0', '4:7:0'), 3, 1, ((774, 'SORT', (109, 110, 111), (2, 4)), (1736, 'FLIP', (128,), None)))), (6, (5, ('5:21:0', '5:32:0', '5:36:0', '5:3:0', '5:43:0', '5:8:0'), 0, 0, ((1956, 'FLIP', (54, 56, 58), None), (2865, 'FLIP', (137,), None)))), (7, (5, ('5:34:0',), 2, 1, ((3128, 'FLIP', (171,), None),))), (8, (6, ('6:0:0', '6:1:0', '6:3:0', '6:4:0', '6:6:0', '6:7:0'), 2, 2, ((2865, 'SORT', (138, 139, 140, 141, 142, 143, 144), (0, 6)),))), (9, (6, ('6:13:0', '6:21:0'), 4, 1, ((2904, 'FLIP', (9,), None), (1072, 'FLIP', (16,), None)))))",True
56,Z,3,rough,z_destroy_noise_window,z_repair_sort_range_shrink_first,False,,0,2866.57738136289,2866.5621670006262,0,0.0,"('Z', 'z_destroy_noise_window', ((0, (16,)), (8, (15,))), 'z_repair_sort_range_shrink_first', (2865, 1956, 2047), ('SORT', 'SORT'))",False
56,Z,2,rough,z_destroy_noise_window,z_repair_bounded_detour_window,False,,0,2729.1023813628894,2729.0798957282154,0,0.0,"('Z', 'z_destroy_noise_window', ((1, (22, 23)), (8, (15,))), 'z_repair_bounded_detour_window', (2865, 1956, 2899, 2914), ('SORT', 'FLIP'))",False
56,Z,1,rough,z_destroy_noise_window,z_repair_bounded_detour_window,False,,0,2727.5748813628898,2727.5523149363,0,0.0,"('Z', 'z_destroy_noise_window', ((5, (7, 8)),), 'z_repair_bounded_detour_window', (774, 1736), ('SORT',))",False
57,X,1,exact,x_destroy_low_consolidation,x_repair_route_span_min,False,greedy_repair,1,2686.33238136289,2686.3254470672787,0,0.0,"((0, (0, ('0:4:0', '0:5:0', '0:7:0'), 3, 0, ((2047, 'FLIP', (83,), None),))), (1, (1, ('1:0:0', '1:12:0', '1:34:0', '1:3:0', '1:5:0', '1:8:0'), 3, 2, ((2899, 'FLIP', (64, 71), None), (2914, 'FLIP', (7,), None)))), (2, (2, ('2:2:0', '2:34:0', '2:6:0', '2:8:0'), 2, 0, ((2493, 'FLIP', (35, 41), None), (3206, 'FLIP', (163,), None)))), (3, (3, ('3:0:0', '3:1:0', '3:25:0', '3:6:0', '3:7:0', '3:8:0'), 1, 0, ((2493, 'FLIP', (36, 39, 42), None),))), (4, (3, ('3:30:0', '3:9:0'), 4, 0, ((2843, 'FLIP', (11,), None), (973, 'FLIP', (121,), None)))), (5, (4, ('4:14:0', '4:1:0', '4:28:0', '4:3:0', '4:7:0'), 3, 1, ((774, 'SORT', (109, 110, 111), (2, 4)), (1736, 'FLIP', (128,), None)))), (6, (5, ('5:21:0', '5:32:0', '5:36:0', '5:3:0', '5:43:0', '5:8:0'), 0, 0, ((1956, 'FLIP', (54, 56, 58), None), (2865, 'FLIP', (137,), None)))), (7, (5, ('5:34:0',), 2, 1, ((3128, 'FLIP', (171,), None),))), (8, (6, ('6:0:0', '6:1:0', '6:3:0', '6:4:0', '6:6:0', '6:7:0'), 2, 2, ((2865, 'SORT', (138, 139, 140, 141, 142, 143, 144), (0, 6)),))), (9, (6, ('6:13:0', '6:21:0'), 4, 1, ((2904, 'FLIP', (9,), None), (1072, 'FLIP', (16,), None)))))",True
57,X,3,exact,x_destroy_spatial_outliers,x_repair_affinity_pack,True,greedy_repair,2,2953.308981937603,2953.3071881591914,0,0.0,"((0, (0, ('0:4:0', '0:5:0', '0:7:0'), 3, 0, ((2047, 'FLIP', (83,), None),))), (1, (1, ('1:0:0', '1:12:0', '1:34:0', '1:3:0', '1:5:0', '1:8:0'), 3, 1, ((2899, 'FLIP', (64, 71), None), (2914, 'FLIP', (7,), None)))), (2, (2, ('2:2:0', '2:34:0', '2:6:0', '2:8:0'), 2, 0, ((2493, 'FLIP', (35, 41), None), (3206, 'FLIP', (163,), None)))), (3, (3, ('3:0:0', '3:1:0', '3:25:0', '3:6:0', '3:7:0', '3:8:0'), 1, 0, ((2493, 'FLIP', (36, 39, 42), None),))), (4, (3, ('3:30:0', '3:9:0'), 4, 0, ((2843, 'FLIP', (11,), None), (973, 'FLIP', (121,), None)))), (5, (4, ('4:14:0', '4:1:0', '4:28:0', '4:3:0', '4:7:0'), 3, 2, ((774, 'SORT', (109, 110, 111), (2, 4)), (1736, 'FLIP', (128,), None)))), (6, (5, ('5:21:0',), 0, 0, ((1243, 'FLIP', (178,), None),))), (7, (5, ('5:32:0', '5:34:0', '5:36:0', '5:3:0', '5:43:0', '5:8:0'), 0, 1, ((1956, 'FLIP', (54, 56, 58), None), (2865, 'SORT', (137,), (0, 0)), (3128, 'FLIP', (171,), None)))), (8, (6, ('6:0:0', '6:1:0', '6:3:0', '6:4:0', '6:6:0', '6:7:0'), 2, 1, ((2865, 'SORT', (138, 139, 140, 141, 142, 143, 144), (0, 6)),))), (9, (6, ('6:13:0', '6:21:0'), 4, 1, ((2904, 'FLIP', (9,), None), (1072, 'FLIP', (16,), None)))))",False
57,X,2,exact,x_destroy_group_boundary_release,x_repair_route_span_min,False,greedy_repair,2,2787.9435595238097,2787.943296388945,0,0.0,"((0, (0, ('0:4:0', '0:5:0', '0:7:0'), 3, 0, ((2047, 'FLIP', (83,), None),))), (1, (1, ('1:0:0', '1:12:0', '1:34:0', '1:3:0', '1:5:0', '1:8:0'), 3, 1, ((2899, 'FLIP', (64, 71), None), (2914, 'FLIP', (7,), None)))), (2, (2, ('2:2:0', '2:34:0', '2:6:0', '2:8:0'), 2, 0, ((2493, 'FLIP', (35, 41), None), (3206, 'FLIP', (163,), None)))), (3, (3, ('3:0:0', '3:1:0', '3:25:0', '3:6:0', '3:7:0'), 1, 0, ((2493, 'FLIP', (36, 39, 42), None),))), (4, (3, ('3:30:0', '3:8:0', '3:9:0'), 1, 1, ((2843, 'FLIP', (11,), None), (973, 'FLIP', (121,), None)))), (5, (4, ('4:14:0', '4:1:0', '4:28:0', '4:3:0', '4:7:0'), 3, 2, ((774, 'SORT', (109, 110, 111), (2, 4)), (1736, 'FLIP', (128,), None)))), (6, (5, ('5:21:0', '5:32:0', '5:36:0', '5:3:0', '5:43:0', '5:8:0'), 0, 0, ((1956, 'FLIP', (54, 56, 58), None), (2865, 'FLIP', (137,), None)))), (7, (5, ('5:34:0',), 2, 1, ((3128, 'FLIP', (171,), None),))), (8, (6, ('6:0:0', '6:1:0', '6:3:0', '6:4:0', '6:6:0', '6:7:0'), 2, 2, ((2865, 'SORT', (138, 139, 140, 141, 142, 143, 144), (0, 6)),))), (9, (6, ('6:13:0', '6:21:0'), 4, 0, ((2904, 'FLIP', (9,), None), (1072, 'FLIP', (16,), None)))))",False
58,Y,1,rough,y_destroy_max_tardiness_blocker,y_repair_earliest_finish,False,,0,2686.33238136289,2686.3195392700504,0,0.0,"('Y', 'y_destroy_max_tardiness_blocker', ((1, 3, 1), (9, 4, 1)), 'y_repair_earliest_finish', ((1, 3, 2), (9, 4, 1)))",False
58,Y,3,rough,y_destroy_congested_station_block,y_repair_regret2_station,False,,0,3161.238532347944,3161.4551089714973,0,0.0,"('Y', 'y_destroy_congested_station_block', ((6, 0, 0),), 'y_repair_regret2_station', ((6, 4, 2),))",False
58,Y,2,rough,y_destroy_cross_station_fragment,y_repair_earliest_finish,False,,0,2874.780155401822,2874.8583490774968,0,0.0,"('Y', 'y_destroy_cross_station_fragment', ((3, 1, 0), (4, 4, 0)), 'y_repair_earliest_finish', ((3, 4, 1), (4, 3, 3)))",False
58,Y,1,exact,y_destroy_max_tardiness_blocker,y_repair_earliest_finish,False,,0,2680.2223813628902,2680.2065876377037,0,0.0,"((0, (0, ('0:4:0', '0:5:0', '0:7:0'), 3, 0, ((2047, 'FLIP', (83,), None),))), (1, (1, ('1:0:0', '1:12:0', '1:34:0', '1:3:0', '1:5:0', '1:8:0'), 3, 1, ((2899, 'FLIP', (64, 71), None), (2914, 'FLIP', (7,), None)))), (2, (2, ('2:2:0', '2:34:0', '2:6:0', '2:8:0'), 2, 0, ((2493, 'FLIP', (35, 41), None), (3206, 'FLIP', (163,), None)))), (3, (3, ('3:0:0', '3:1:0', '3:25:0', '3:6:0', '3:7:0', '3:8:0'), 1, 0, ((2493, 'FLIP', (36, 39, 42), None),))), (4, (3, ('3:30:0', '3:9:0'), 4, 0, ((2843, 'FLIP', (11,), None), (973, 'FLIP', (121,), None)))), (5, (4, ('4:14:0', '4:1:0', '4:28:0', '4:3:0', '4:7:0'), 3, 2, ((774, 'SORT', (109, 110, 111), (2, 4)), (1736, 'FLIP', (128,), None)))), (6, (5, ('5:21:0', '5:32:0', '5:36:0', '5:3:0', '5:43:0', '5:8:0'), 0, 0, ((1956, 'FLIP', (54, 56, 58), None), (2865, 'FLIP', (137,), None)))), (7, (5, ('5:34:0',), 2, 1, ((3128, 'FLIP', (171,), None),))), (8, (6, ('6:0:0', '6:1:0', '6:3:0', '6:4:0', '6:6:0', '6:7:0'), 2, 2, ((2865, 'SORT', (138, 139, 140, 141, 142, 143, 144), (0, 6)),))), (9, (6, ('6:13:0', '6:21:0'), 4, 1, ((2904, 'FLIP', (9,), None), (1072, 'FLIP', (16,), None)))))",True
59,Z,3,rough,z_destroy_mode_window,z_repair_sort_range_shrink_first,False,,0,2753.54238136289,2753.5160645812057,0,0.0,"('Z', 'z_destroy_mode_window', ((1, (22, 23)), (8, (15,))), 'z_repair_sort_range_shrink_first', (2865, 1956, 2899, 2914), ('SORT', 'SORT'))",False
59,Z,1,rough,z_destroy_mode_window,z_repair_bounded_detour_window,False,,0,2727.5748813628898,2727.5467279139757,0,0.0,"('Z', 'z_destroy_mode_window', ((5, (7, 8)),), 'z_repair_bounded_detour_window', (774, 1736), ('SORT',))",False
59,Z,2,rough,z_destroy_mode_window,z_repair_mode_toggle_contextual,False,,0,2727.5748813628898,2727.5467279139757,0,0.0,"('Z', 'z_destroy_mode_window', ((5, (7, 8)),), 'z_repair_mode_toggle_contextual', (774, 1736), ('SORT',))",False
60,X,2,exact,x_destroy_low_consolidation,x_repair_affinity_pack,False,greedy_repair,1,2686.33238136289,2686.3237805056096,0,0.0,"((0, (0, ('0:4:0', '0:5:0', '0:7:0'), 3, 0, ((2047, 'FLIP', (83,), None),))), (1, (1, ('1:0:0', '1:12:0', '1:34:0', '1:3:0', '1:5:0', '1:8:0'), 3, 2, ((2899, 'FLIP', (64, 71), None), (2914, 'FLIP', (7,), None)))), (2, (2, ('2:2:0', '2:34:0', '2:6:0', '2:8:0'), 2, 0, ((2493, 'FLIP', (35, 41), None), (3206, 'FLIP', (163,), None)))), (3, (3, ('3:0:0', '3:1:0', '3:25:0', '3:6:0', '3:7:0', '3:8:0'), 1, 0, ((2493, 'FLIP', (36, 39, 42), None),))), (4, (3, ('3:30:0', '3:9:0'), 4, 0, ((2843, 'FLIP', (11,), None), (973, 'FLIP', (121,), None)))), (5, (4, ('4:14:0', '4:1:0', '4:28:0', '4:3:0', '4:7:0'), 3, 1, ((774, 'SORT', (109, 110, 111), (2, 4)), (1736, 'FLIP', (128,), None)))), (6, (5, ('5:21:0', '5:32:0', '5:36:0', '5:3:0', '5:43:0', '5:8:0'), 0, 0, ((1956, 'FLIP', (54, 56, 58), None), (2865, 'FLIP', (137,), None)))), (7, (5, ('5:34:0',), 2, 1, ((3128, 'FLIP', (171,), None),))), (8, (6, ('6:0:0', '6:1:0', '6:3:0', '6:4:0', '6:6:0', '6:7:0'), 2, 2, ((2865, 'SORT', (138, 139, 140, 141, 142, 143, 144), (0, 6)),))), (9, (6, ('6:13:0', '6:21:0'), 4, 1, ((2904, 'FLIP', (9,), None), (1072, 'FLIP', (16,), None)))))",False
60,X,3,exact,x_destroy_group_boundary_release,x_repair_template_preserve,False,greedy_repair,1,2761.8890480295568,2761.8745703389445,0,0.0,"((0, (0, ('0:4:0', '0:5:0', '0:7:0'), 3, 0, ((2047, 'FLIP', (83,), None),))), (1, (1, ('1:0:0', '1:12:0', '1:34:0', '1:3:0', '1:5:0', '1:8:0'), 3, 1, ((2899, 'FLIP', (64, 71), None), (2914, 'FLIP', (7,), None)))), (2, (2, ('2:2:0', '2:34:0', '2:6:0', '2:8:0'), 2, 0, ((2493, 'FLIP', (35, 41), None), (3206, 'FLIP', (163,), None)))), (3, (3, ('3:0:0', '3:1:0', '3:25:0', '3:6:0', '3:7:0', '3:8:0'), 1, 0, ((2493, 'FLIP', (36, 39, 42), None),))), (4, (3, ('3:30:0', '3:9:0'), 4, 0, ((2843, 'FLIP', (11,), None), (973, 'FLIP', (121,), None)))), (5, (4, ('4:14:0', '4:1:0', '4:28:0', '4:3:0', '4:7:0'), 3, 2, ((774, 'SORT', (109, 110, 111), (2, 4)), (1736, 'FLIP', (128,), None)))), (6, (5, ('5:21:0', '5:32:0', '5:36:0', '5:3:0', '5:43:0', '5:8:0'), 0, 0, ((1956, 'SORT', (54, 55, 56, 57, 58), (0, 4)), (2865, 'SORT', (137,), (0, 0))))), (7, (5, ('5:34:0',), 2, 1, ((3128, 'FLIP', (171,), None),))), (8, (6, ('6:0:0', '6:1:0', '6:3:0', '6:4:0', '6:6:0', '6:7:0'), 2, 2, ((2865, 'SORT', (138, 139, 140, 141, 142, 143, 144), (0, 6)),))), (9, (6, ('6:13:0', '6:21:0'), 4, 1, ((2904, 'FLIP', (9,), None), (1072, 'FLIP', (16,), None)))))",False
60,X,1,exact,x_destroy_group_boundary_release,x_repair_affinity_pack,False,greedy_repair,1,2680.2223813628902,2680.1973776806117,0,0.0,"((0, (0, ('0:4:0', '0:5:0', '0:7:0'), 3, 0, ((2047, 'FLIP', (83,), None),))), (1, (1, ('1:0:0', '1:12:0', '1:34:0', '1:3:0', '1:5:0', '1:8:0'), 3, 1, ((2899, 'FLIP', (64, 71), None), (2914, 'FLIP', (7,), None)))), (2, (2, ('2:2:0', '2:34:0', '2:6:0', '2:8:0'), 2, 0, ((2493, 'FLIP', (35, 41), None), (3206, 'FLIP', (163,), None)))), (3, (3, ('3:0:0', '3:1:0', '3:25:0', '3:6:0', '3:7:0', '3:8:0'), 1, 0, ((2493, 'FLIP', (36, 39, 42), None),))), (4, (3, ('3:30:0', '3:9:0'), 4, 0, ((2843, 'FLIP', (11,), None), (973, 'FLIP', (121,), None)))), (5, (4, ('4:14:0', '4:1:0', '4:28:0', '4:3:0', '4:7:0'), 3, 2, ((774, 'SORT', (109, 110, 111), (2, 4)), (1736, 'FLIP', (128,), None)))), (6, (5, ('5:21:0', '5:32:0', '5:36:0', '5:3:0', '5:43:0', '5:8:0'), 0, 0, ((1956, 'FLIP', (54, 56, 58), None), (2865, 'FLIP', (137,), None)))), (7, (5, ('5:34:0',), 2, 1, ((3128, 'FLIP', (171,), None),))), (8, (6, ('6:0:0', '6:1:0', '6:3:0', '6:4:0', '6:6:0', '6:7:0'), 2, 2, ((2865, 'SORT', (138, 139, 140, 141, 142, 143, 144), (0, 6)),))), (9, (6, ('6:13:0', '6:21:0'), 4, 1, ((2904, 'FLIP', (9,), None), (1072, 'FLIP', (16,), None)))))",True
61,Y,2,rough,y_destroy_cross_station_fragment,y_repair_arrival_aware_rank,False,,0,2788.3503882498285,2788.433676082895,0,0.0,"('Y', 'y_destroy_cross_station_fragment', ((8, 2, 2), (9, 4, 1)), 'y_repair_arrival_aware_rank', ((8, 3, 3), (9, 4, 1)))",False
61,Y,1,rough,y_destroy_max_tardiness_blocker,y_repair_load_balance,False,,0,2686.3323813628904,2686.3066444546935,0,0.0,"('Y', 'y_destroy_max_tardiness_blocker', ((1, 3, 1), (9, 4, 1)), 'y_repair_load_balance', ((1, 3, 2), (9, 4, 1)))",False
61,Y,3,rough,y_destroy_congested_station_block,y_repair_arrival_aware_rank,False,,0,3161.2385323479443,3161.7203187860227,0,0.0,"('Y', 'y_destroy_congested_station_block', ((6, 0, 0),), 'y_repair_arrival_aware_rank', ((6, 4, 2),))",False
61,Y,1,exact,y_destroy_max_tardiness_blocker,y_repair_load_balance,False,,0,2680.2223813628902,2680.190114811648,0,0.0,"((0, (0, ('0:4:0', '0:5:0', '0:7:0'), 3, 0, ((2047, 'FLIP', (83,), None),))), (1, (1, ('1:0:0', '1:12:0', '1:34:0', '1:3:0', '1:5:0', '1:8:0'), 3, 1, ((2899, 'FLIP', (64, 71), None), (2914, 'FLIP', (7,), None)))), (2, (2, ('2:2:0', '2:34:0', '2:6:0', '2:8:0'), 2, 0, ((2493, 'FLIP', (35, 41), None), (3206, 'FLIP', (163,), None)))), (3, (3, ('3:0:0', '3:1:0', '3:25:0', '3:6:0', '3:7:0', '3:8:0'), 1, 0, ((2493, 'FLIP', (36, 39, 42), None),))), (4, (3, ('3:30:0', '3:9:0'), 4, 0, ((2843, 'FLIP', (11,), None), (973, 'FLIP', (121,), None)))), (5, (4, ('4:14:0', '4:1:0', '4:28:0', '4:3:0', '4:7:0'), 3, 2, ((774, 'SORT', (109, 110, 111), (2, 4)), (1736, 'FLIP', (128,), None)))), (6, (5, ('5:21:0', '5:32:0', '5:36:0', '5:3:0', '5:43:0', '5:8:0'), 0, 0, ((1956, 'FLIP', (54, 56, 58), None), (2865, 'FLIP', (137,), None)))), (7, (5, ('5:34:0',), 2, 1, ((3128, 'FLIP', (171,), None),))), (8, (6, ('6:0:0', '6:1:0', '6:3:0', '6:4:0', '6:6:0', '6:7:0'), 2, 2, ((2865, 'SORT', (138, 139, 140, 141, 142, 143, 144), (0, 6)),))), (9, (6, ('6:13:0', '6:21:0'), 4, 1, ((2904, 'FLIP', (9,), None), (1072, 'FLIP', (16,), None)))))",True
62,Z,1,rough,z_destroy_multistack_window,z_repair_bounded_detour_window,False,,0,2649.67238136289,2649.6378368338915,0,0.0,"('Z', 'z_destroy_multistack_window', ((4, (9, 10)),), 'z_repair_bounded_detour_window', (2843, 973), ('FLIP',))",False
62,Z,2,rough,z_destroy_detour_window,z_repair_sort_range_shrink_first,False,,0,2668.00238136289,2667.969279792822,0,0.0,"('Z', 'z_destroy_detour_window', ((0, (16,)), (2, (4, 5))), 'z_repair_sort_range_shrink_first', (2047, 1956, 2493, 3206), ('SORT', 'SORT'))",False
62,Z,3,rough,z_destroy_mode_window,z_repair_sort_range_shrink_first,False,,0,2727.5748813628898,2727.546469409345,0,0.0,"('Z', 'z_destroy_mode_window', ((5, (7, 8)),), 'z_repair_sort_range_shrink_first', (774, 1736), ('SORT',))",False
63,X,1,exact,x_destroy_low_consolidation,x_repair_template_preserve,False,greedy_repair,1,2686.33238136289,2686.323775245691,0,0.0,"((0, (0, ('0:4:0', '0:5:0', '0:7:0'), 3, 0, ((2047, 'FLIP', (83,), None),))), (1, (1, ('1:0:0', '1:12:0', '1:34:0', '1:3:0', '1:5:0', '1:8:0'), 3, 2, ((2899, 'FLIP', (64, 71), None), (2914, 'FLIP', (7,), None)))), (2, (2, ('2:2:0', '2:34:0', '2:6:0', '2:8:0'), 2, 0, ((2493, 'FLIP', (35, 41), None), (3206, 'FLIP', (163,), None)))), (3, (3, ('3:0:0', '3:1:0', '3:25:0', '3:6:0', '3:7:0', '3:8:0'), 1, 0, ((2493, 'FLIP', (36, 39, 42), None),))), (4, (3, ('3:30:0', '3:9:0'), 4, 0, ((2843, 'FLIP', (11,), None), (973, 'FLIP', (121,), None)))), (5, (4, ('4:14:0', '4:1:0', '4:28:0', '4:3:0', '4:7:0'), 3, 1, ((774, 'SORT', (109, 110, 111), (2, 4)), (1736, 'FLIP', (128,), None)))), (6, (5, ('5:21:0', '5:32:0', '5:36:0', '5:3:0', '5:43:0', '5:8:0'), 0, 0, ((1956, 'FLIP', (54, 56, 58), None), (2865, 'FLIP', (137,), None)))), (7, (5, ('5:34:0',), 2, 1, ((3128, 'FLIP', (171,), None),))), (8, (6, ('6:0:0', '6:1:0', '6:3:0', '6:4:0', '6:6:0', '6:7:0'), 2, 2, ((2865, 'SORT', (138, 139, 140, 141, 142, 143, 144), (0, 6)),))), (9, (6, ('6:13:0', '6:21:0'), 4, 1, ((2904, 'FLIP', (9,), None), (1072, 'FLIP', (16,), None)))))",True
64,Y,3,rough,y_destroy_rank_window_release,y_repair_regret2_station,False,,0,2750.5653012075577,2750.5946563612974,0,0.0,"('Y', 'y_destroy_rank_window_release', ((1, 3, 1), (5, 3, 2)), 'y_repair_regret2_station', ((1, 4, 2), (5, 3, 1)))",False
64,Y,2,rough,y_destroy_congested_station_block,y_repair_earliest_finish,False,,0,2750.5653012075577,2750.5946563612974,0,0.0,"('Y', 'y_destroy_congested_station_block', ((1, 3, 1), (5, 3, 2)), 'y_repair_earliest_finish', ((1, 4, 2), (5, 3, 1)))",False
64,Y,1,rough,y_destroy_congested_station_block,y_repair_arrival_aware_rank,False,,0,2750.5653012075577,2750.5946563612974,0,0.0,"('Y', 'y_destroy_congested_station_block', ((1, 3, 1), (5, 3, 2)), 'y_repair_arrival_aware_rank', ((1, 4, 2), (5, 3, 1)))",False
64,Y,1,exact,y_destroy_congested_station_block,y_repair_arrival_aware_rank,False,,0,2702.056433087028,2702.047843004151,0,0.0,"((0, (0, ('0:4:0', '0:5:0', '0:7:0'), 3, 0, ((2047, 'FLIP', (83,), None),))), (1, (1, ('1:0:0', '1:12:0', '1:34:0', '1:3:0', '1:5:0', '1:8:0'), 4, 2, ((2899, 'FLIP', (64, 71), None), (2914, 'FLIP', (7,), None)))), (2, (2, ('2:2:0', '2:34:0', '2:6:0', '2:8:0'), 2, 0, ((2493, 'FLIP', (35, 41), None), (3206, 'FLIP', (163,), None)))), (3, (3, ('3:0:0', '3:1:0', '3:25:0', '3:6:0', '3:7:0', '3:8:0'), 1, 0, ((2493, 'FLIP', (36, 39, 42), None),))), (4, (3, ('3:30:0', '3:9:0'), 4, 0, ((2843, 'FLIP', (11,), None), (973, 'FLIP', (121,), None)))), (5, (4, ('4:14:0', '4:1:0', '4:28:0', '4:3:0', '4:7:0'), 3, 1, ((774, 'SORT', (109, 110, 111), (2, 4)), (1736, 'FLIP', (128,), None)))), (6, (5, ('5:21:0', '5:32:0', '5:36:0', '5:3:0', '5:43:0', '5:8:0'), 0, 0, ((1956, 'FLIP', (54, 56, 58), None), (2865, 'FLIP', (137,), None)))), (7, (5, ('5:34:0',), 2, 1, ((3128, 'FLIP', (171,), None),))), (8, (6, ('6:0:0', '6:1:0', '6:3:0', '6:4:0', '6:6:0', '6:7:0'), 2, 2, ((2865, 'SORT', (138, 139, 140, 141, 142, 143, 144), (0, 6)),))), (9, (6, ('6:13:0', '6:21:0'), 4, 1, ((2904, 'FLIP', (9,), None), (1072, 'FLIP', (16,), None)))))",True
65,Z,1,rough,z_destroy_detour_window,z_repair_same_stack_window,False,,0,2619.12238136289,2619.1039066326152,0,0.0,"('Z', 'z_destroy_detour_window', ((0, (16,)), (1, (22, 23))), 'z_repair_same_stack_window', (2047, 1956, 2899, 2914), ('FLIP', 'FLIP'))",False
65,Z,2,rough,z_destroy_detour_window,z_repair_same_stack_window,False,,0,2649.67238136289,2649.6551090983908,0,0.0,"('Z', 'z_destroy_detour_window', ((1, (22, 23)),), 'z_repair_same_stack_window', (2899, 2914), ('FLIP',))",False
65,Z,3,rough,z_destroy_noise_window,z_repair_bounded_detour_window,False,,0,2765.206926817436,2765.194202059868,0,0.0,"('Z', 'z_destroy_noise_window', ((5, (7, 8)), (8, (15,))), 'z_repair_bounded_detour_window', (2865, 1956, 774, 1736), ('SORT', 'SORT'))",False
67,Y,2,rough,y_destroy_rank_window_release,y_repair_load_balance,False,,0,2750.5653012075577,2750.5799787844276,0,0.0,"('Y', 'y_destroy_rank_window_release', ((1, 3, 1), (5, 3, 2)), 'y_repair_load_balance', ((1, 4, 2), (5, 3, 1)))",False
67,Y,1,rough,y_destroy_load_skew_release,y_repair_earliest_finish,False,,0,2750.5653012075577,2750.5799787844276,0,0.0,"('Y', 'y_destroy_load_skew_release', ((1, 3, 1), (5, 3, 2)), 'y_repair_earliest_finish', ((1, 4, 2), (5, 3, 1)))",False
67,Y,3,rough,y_destroy_congested_station_block,y_repair_arrival_aware_rank,False,,0,2910.0553195085895,2910.1262287361956,0,0.0,"('Y', 'y_destroy_congested_station_block', ((7, 2, 1), (8, 2, 2)), 'y_repair_arrival_aware_rank', ((7, 3, 3), (8, 4, 2)))",False
67,Y,1,exact,y_destroy_load_skew_release,y_repair_earliest_finish,False,,0,2702.056433087028,2702.0521380455893,0,0.0,"((0, (0, ('0:4:0', '0:5:0', '0:7:0'), 3, 0, ((2047, 'FLIP', (83,), None),))), (1, (1, ('1:0:0', '1:12:0', '1:34:0', '1:3:0', '1:5:0', '1:8:0'), 4, 2, ((2899, 'FLIP', (64, 71), None), (2914, 'FLIP', (7,), None)))), (2, (2, ('2:2:0', '2:34:0', '2:6:0', '2:8:0'), 2, 0, ((2493, 'FLIP', (35, 41), None), (3206, 'FLIP', (163,), None)))), (3, (3, ('3:0:0', '3:1:0', '3:25:0', '3:6:0', '3:7:0', '3:8:0'), 1, 0, ((2493, 'FLIP', (36, 39, 42), None),))), (4, (3, ('3:30:0', '3:9:0'), 4, 0, ((2843, 'FLIP', (11,), None), (973, 'FLIP', (121,), None)))), (5, (4, ('4:14:0', '4:1:0', '4:28:0', '4:3:0', '4:7:0'), 3, 1, ((774, 'SORT', (109, 110, 111), (2, 4)), (1736, 'FLIP', (128,), None)))), (6, (5, ('5:21:0', '5:32:0', '5:36:0', '5:3:0', '5:43:0', '5:8:0'), 0, 0, ((1956, 'FLIP', (54, 56, 58), None), (2865, 'FLIP', (137,), None)))), (7, (5, ('5:34:0',), 2, 1, ((3128, 'FLIP', (171,), None),))), (8, (6, ('6:0:0', '6:1:0', '6:3:0', '6:4:0', '6:6:0', '6:7:0'), 2, 2, ((2865, 'SORT', (138, 139, 140, 141, 142, 143, 144), (0, 6)),))), (9, (6, ('6:13:0', '6:21:0'), 4, 1, ((2904, 'FLIP', (9,), None), (1072, 'FLIP', (16,), None)))))",True
68,Z,2,rough,z_destroy_detour_window,z_repair_mode_toggle_contextual,False,,0,2710.77238136289,2710.7649476964157,0,0.0,"('Z', 'z_destroy_detour_window', ((0, (16,)), (3, (32,))), 'z_repair_mode_toggle_contextual', (2047, 1956, 2493), ('FLIP', 'FLIP'))",False
68,Z,3,rough,z_destroy_mode_window,z_repair_sort_range_shrink_first,False,,0,2765.206926817436,2765.2005644386522,0,0.0,"('Z', 'z_destroy_mode_window', ((5, (7, 8)), (8, (15,))), 'z_repair_sort_range_shrink_first', (2865, 1956, 774, 1736), ('SORT', 'SORT'))",False
68,Z,1,rough,z_destroy_noise_window,z_repair_sort_range_shrink_first,False,,0,2668.00238136289,2667.994105970373,0,0.0,"('Z', 'z_destroy_noise_window', ((0, (16,)), (1, (22, 23))), 'z_repair_sort_range_shrink_first', (2047, 1956, 2899, 2914), ('SORT', 'SORT'))",False
70,Y,3,rough,y_destroy_rank_window_release,y_repair_earliest_finish,False,,0,2910.0553195085895,2910.0553195085895,0,0.0,"('Y', 'y_destroy_rank_window_release', ((7, 2, 1), (8, 2, 2)), 'y_repair_earliest_finish', ((7, 3, 3), (8, 4, 2)))",False
70,Y,2,rough,y_destroy_load_skew_release,y_repair_earliest_finish,False,,0,2910.0553195085895,2910.0553195085895,0,0.0,"('Y', 'y_destroy_load_skew_release', ((7, 2, 1), (8, 2, 2)), 'y_repair_earliest_finish', ((7, 3, 3), (8, 4, 2)))",False
70,Y,1,rough,y_destroy_load_skew_release,y_repair_load_balance,False,,0,2750.5653012075577,2750.5653012075577,0,0.0,"('Y', 'y_destroy_load_skew_release', ((1, 3, 1), (5, 3, 2)), 'y_repair_load_balance', ((1, 4, 2), (5, 3, 1)))",False
70,Y,1,exact,y_destroy_load_skew_release,y_repair_load_balance,False,,0,2702.056433087028,2702.056433087028,0,0.0,"((0, (0, ('0:4:0', '0:5:0', '0:7:0'), 3, 0, ((2047, 'FLIP', (83,), None),))), (1, (1, ('1:0:0', '1:12:0', '1:34:0', '1:3:0', '1:5:0', '1:8:0'), 4, 2, ((2899, 'FLIP', (64, 71), None), (2914, 'FLIP', (7,), None)))), (2, (2, ('2:2:0', '2:34:0', '2:6:0', '2:8:0'), 2, 0, ((2493, 'FLIP', (35, 41), None), (3206, 'FLIP', (163,), None)))), (3, (3, ('3:0:0', '3:1:0', '3:25:0', '3:6:0', '3:7:0', '3:8:0'), 1, 0, ((2493, 'FLIP', (36, 39, 42), None),))), (4, (3, ('3:30:0', '3:9:0'), 4, 0, ((2843, 'FLIP', (11,), None), (973, 'FLIP', (121,), None)))), (5, (4, ('4:14:0', '4:1:0', '4:28:0', '4:3:0', '4:7:0'), 3, 1, ((774, 'SORT', (109, 110, 111), (2, 4)), (1736, 'FLIP', (128,), None)))), (6, (5, ('5:21:0', '5:32:0', '5:36:0', '5:3:0', '5:43:0', '5:8:0'), 0, 0, ((1956, 'FLIP', (54, 56, 58), None), (2865, 'FLIP', (137,), None)))), (7, (5, ('5:34:0',), 2, 1, ((3128, 'FLIP', (171,), None),))), (8, (6, ('6:0:0', '6:1:0', '6:3:0', '6:4:0', '6:6:0', '6:7:0'), 2, 2, ((2865, 'SORT', (138, 139, 140, 141, 142, 143, 144), (0, 6)),))), (9, (6, ('6:13:0', '6:21:0'), 4, 1, ((2904, 'FLIP', (9,), None), (1072, 'FLIP', (16,), None)))))",True
71,Z,2,rough,z_destroy_mode_window,z_repair_same_stack_window,False,,0,2727.5748813628898,2727.5748813628898,0,0.0,"('Z', 'z_destroy_mode_window', ((5, (7, 8)),), 'z_repair_same_stack_window', (774, 1736), ('SORT',))",False
71,Z,1,rough,z_destroy_detour_window,z_repair_same_stack_window,False,,0,2710.77238136289,2710.77238136289,0,0.0,"('Z', 'z_destroy_detour_window', ((0, (16,)), (3, (32,))), 'z_repair_same_stack_window', (2047, 1956, 2493), ('FLIP', 'FLIP'))",False
71,Z,3,rough,z_destroy_noise_window,z_repair_bounded_detour_window,False,,0,2842.1373813628898,2842.1373813628898,0,0.0,"('Z', 'z_destroy_noise_window', ((0, (16,)), (8, (15,))), 'z_repair_bounded_detour_window', (2865, 1956, 2047), ('SORT', 'FLIP'))",False
72,Y,1,rough,y_destroy_max_tardiness_blocker,y_repair_arrival_aware_rank,False,,0,2686.3323813628904,2686.3323813628904,0,0.0,"('Y', 'y_destroy_max_tardiness_blocker', ((1, 3, 1), (9, 4, 1)), 'y_repair_arrival_aware_rank', ((1, 3, 2), (9, 4, 1)))",False
72,Y,3,rough,y_destroy_congested_station_block,y_repair_earliest_finish,False,,0,3161.2385323479443,3161.2385323479443,0,0.0,"('Y', 'y_destroy_congested_station_block', ((6, 0, 0),), 'y_repair_earliest_finish', ((6, 4, 2),))",False
72,Y,2,rough,y_destroy_max_tardiness_blocker,y_repair_regret2_station,False,,0,2686.3323813628904,2686.3323813628904,0,0.0,"('Y', 'y_destroy_max_tardiness_blocker', ((1, 3, 1), (9, 4, 1)), 'y_repair_regret2_station', ((1, 3, 2), (9, 4, 1)))",False
72,Y,1,exact,y_destroy_max_tardiness_blocker,y_repair_arrival_aware_rank,False,,0,2680.2223813628902,2680.2223813628902,0,0.0,"((0, (0, ('0:4:0', '0:5:0', '0:7:0'), 3, 0, ((2047, 'FLIP', (83,), None),))), (1, (1, ('1:0:0', '1:12:0', '1:34:0', '1:3:0', '1:5:0', '1:8:0'), 3, 1, ((2899, 'FLIP', (64, 71), None), (2914, 'FLIP', (7,), None)))), (2, (2, ('2:2:0', '2:34:0', '2:6:0', '2:8:0'), 2, 0, ((2493, 'FLIP', (35, 41), None), (3206, 'FLIP', (163,), None)))), (3, (3, ('3:0:0', '3:1:0', '3:25:0', '3:6:0', '3:7:0', '3:8:0'), 1, 0, ((2493, 'FLIP', (36, 39, 42), None),))), (4, (3, ('3:30:0', '3:9:0'), 4, 0, ((2843, 'FLIP', (11,), None), (973, 'FLIP', (121,), None)))), (5, (4, ('4:14:0', '4:1:0', '4:28:0', '4:3:0', '4:7:0'), 3, 2, ((774, 'SORT', (109, 110, 111), (2, 4)), (1736, 'FLIP', (128,), None)))), (6, (5, ('5:21:0', '5:32:0', '5:36:0', '5:3:0', '5:43:0', '5:8:0'), 0, 0, ((1956, 'FLIP', (54, 56, 58), None), (2865, 'FLIP', (137,), None)))), (7, (5, ('5:34:0',), 2, 1, ((3128, 'FLIP', (171,), None),))), (8, (6, ('6:0:0', '6:1:0', '6:3:0', '6:4:0', '6:6:0', '6:7:0'), 2, 2, ((2865, 'SORT', (138, 139, 140, 141, 142, 143, 144), (0, 6)),))), (9, (6, ('6:13:0', '6:21:0'), 4, 1, ((2904, 'FLIP', (9,), None), (1072, 'FLIP', (16,), None)))))",True
73,Z,2,rough,z_destroy_detour_window,z_repair_mode_toggle_contextual,False,,0,2649.67238136289,2649.6378368338915,0,0.0,"('Z', 'z_destroy_detour_window', ((2, (4, 5)),), 'z_repair_mode_toggle_contextual', (2493, 3206), ('FLIP',))",False
73,Z,3,rough,z_destroy_multistack_window,z_repair_sort_range_shrink_first,False,,0,2674.11238136289,2674.079760779132,0,0.0,"('Z', 'z_destroy_multistack_window', ((4, (9, 10)),), 'z_repair_sort_range_shrink_first', (2843, 973), ('SORT',))",False
73,Z,1,rough,z_destroy_detour_window,z_repair_same_stack_window,False,,0,2619.12238136289,2619.085431902341,0,0.0,"('Z', 'z_destroy_detour_window', ((0, (16,)), (2, (4, 5))), 'z_repair_same_stack_window', (2047, 1956, 2493, 3206), ('FLIP', 'FLIP'))",False
74,Y,1,rough,y_destroy_rank_window_release,y_repair_earliest_finish,False,,0,2762.3335082871677,2762.380948629811,0,0.0,"('Y', 'y_destroy_rank_window_release', ((0, 3, 0), (1, 3, 1)), 'y_repair_earliest_finish', ((0, 4, 2), (1, 3, 1)))",False
74,Y,2,rough,y_destroy_rank_window_release,y_repair_regret2_station,False,,0,2762.3335082871677,2762.380948629811,0,0.0,"('Y', 'y_destroy_rank_window_release', ((0, 3, 0), (1, 3, 1)), 'y_repair_regret2_station', ((0, 4, 2), (1, 3, 1)))",False
74,Y,3,rough,y_destroy_cross_station_fragment,y_repair_arrival_aware_rank,False,,0,2924.0780775356698,2924.2692157580577,0,0.0,"('Y', 'y_destroy_cross_station_fragment', ((6, 0, 0), (7, 2, 1)), 'y_repair_arrival_aware_rank', ((6, 4, 2), (7, 3, 3)))",False
74,Y,1,exact,y_destroy_rank_window_release,y_repair_earliest_finish,False,,0,2699.5242261904764,2699.5206700948297,0,0.0,"((0, (0, ('0:4:0', '0:5:0', '0:7:0'), 4, 2, ((2047, 'FLIP', (83,), None),))), (1, (1, ('1:0:0', '1:12:0', '1:34:0', '1:3:0', '1:5:0', '1:8:0'), 3, 0, ((2899, 'FLIP', (64, 71), None), (2914, 'FLIP', (7,), None)))), (2, (2, ('2:2:0', '2:34:0', '2:6:0', '2:8:0'), 2, 0, ((2493, 'FLIP', (35, 41), None), (3206, 'FLIP', (163,), None)))), (3, (3, ('3:0:0', '3:1:0', '3:25:0', '3:6:0', '3:7:0', '3:8:0'), 1, 0, ((2493, 'FLIP', (36, 39, 42), None),))), (4, (3, ('3:30:0', '3:9:0'), 4, 0, ((2843, 'FLIP', (11,), None), (973, 'FLIP', (121,), None)))), (5, (4, ('4:14:0', '4:1:0', '4:28:0', '4:3:0', '4:7:0'), 3, 1, ((774, 'SORT', (109, 110, 111), (2, 4)), (1736, 'FLIP', (128,), None)))), (6, (5, ('5:21:0', '5:32:0', '5:36:0', '5:3:0', '5:43:0', '5:8:0'), 0, 0, ((1956, 'FLIP', (54, 56, 58), None), (2865, 'FLIP', (137,), None)))), (7, (5, ('5:34:0',), 2, 1, ((3128, 'FLIP', (171,), None),))), (8, (6, ('6:0:0', '6:1:0', '6:3:0', '6:4:0', '6:6:0', '6:7:0'), 2, 2, ((2865, 'SORT', (138, 139, 140, 141, 142, 143, 144), (0, 6)),))), (9, (6, ('6:13:0', '6:21:0'), 4, 1, ((2904, 'FLIP', (9,), None), (1072, 'FLIP', (16,), None)))))",True
75,Z,1,rough,z_destroy_detour_window,z_repair_bounded_detour_window,False,,0,2619.12238136289,2619.099104661326,0,0.0,"('Z', 'z_destroy_detour_window', ((0, (16,)), (1, (22, 23))), 'z_repair_bounded_detour_window', (2047, 1956, 2899, 2914), ('FLIP', 'FLIP'))",False
75,Z,2,rough,z_destroy_mode_window,z_repair_same_stack_window,False,,0,2619.12238136289,2619.099104661326,0,0.0,"('Z', 'z_destroy_mode_window', ((0, (16,)), (1, (22, 23))), 'z_repair_same_stack_window', (2047, 1956, 2899, 2914), ('FLIP', 'FLIP'))",False
75,Z,3,rough,z_destroy_multistack_window,z_repair_bounded_detour_window,False,,0,2649.67238136289,2649.650619673268,0,0.0,"('Z', 'z_destroy_multistack_window', ((1, (22, 23)),), 'z_repair_bounded_detour_window', (2899, 2914), ('FLIP',))",False
