{
  "algorithm": "baseline",
  "scale": "SMALL",
  "seed": 42,
  "node_num": 43,
  "need_points": 43,
  "subtask_num": 0,
  "task_num": 0,
  "robot_num": 2,
  "station_num": 2,
  "order_num": 2,
  "sku_num": 60,
  "tote_num": 200,
  "sp1_subtask_num": 7.0,
  "sp1_avg_unique_sku_per_subtask": 5.0,
  "sp1_avg_sku_units_per_subtask": 15.428571428571429,
  "sp2_max_station_load": 4.0,
  "sp2_station_load_variance": 0.25,
  "sp3_task_num": 19.0,
  "sp3_sorting_cost_total": 24.0,
  "sp3_noise_tote_total": 12.0,
  "sp4_max_arrival_stack": 326.0,
  "sp4_max_arrival_station": 346.0,
  "sp4_assigned_robot_num": 2.0,
  "station_utilization_mean": 0.4084507042253521,
  "station_idle_total": 426.0,
  "robot_busy_time_total": 54.0,
  "robot_utilization_mean": 0.06338028169014084,
  "noise_ratio": 0.3157894736842105,
  "task_per_subtask": 2.7142857142857144,
  "global_makespan": 426.0,
  "runtime_total_sec": 121.167472000001,
  "runtime_sp1_sec": 0.000454099994385615,
  "runtime_sp2_sec": 2.1200001356191933e-05,
  "runtime_sp3_sec": 0.002740099997026846,
  "runtime_sp4_sec": 120.01063530000101,
  "runtime_sim_sec": 8.120000711642206e-05
}