{
  "algorithm": "baseline",
  "scale": "SMALL",
  "seed": 42,
  "node_num": 42,
  "need_points": 42,
  "subtask_num": 0,
  "task_num": 0,
  "robot_num": 2,
  "station_num": 2,
  "order_num": 2,
  "sku_num": 60,
  "tote_num": 200,
  "sp1_subtask_num": 7.0,
  "sp1_avg_unique_sku_per_subtask": 5.0,
  "sp1_avg_sku_units_per_subtask": 15.428571428571429,
  "sp2_max_station_load": 4.0,
  "sp2_station_load_variance": 0.25,
  "sp3_task_num": 18.0,
  "sp3_sorting_cost_total": 20.0,
  "sp3_noise_tote_total": 10.0,
  "sp4_max_arrival_stack": 256.0,
  "sp4_max_arrival_station": 357.0,
  "sp4_assigned_robot_num": 2.0,
  "station_utilization_mean": 0.43544303797468353,
  "station_idle_total": 378.0,
  "robot_busy_time_total": 49.0,
  "robot_utilization_mean": 0.0620253164556962,
  "noise_ratio": 0.2857142857142857,
  "task_per_subtask": 2.5714285714285716,
  "global_makespan": 395.0,
  "runtime_total_sec": 121.2067614000116,
  "runtime_sp1_sec": 0.000968100008321926,
  "runtime_sp2_sec": 0.0001821999903768301,
  "runtime_sp3_sec": 0.0032521999964956194,
  "runtime_sp4_sec": 120.01320349999878,
  "runtime_sim_sec": 8.570001227781177e-05
}